1786523428.477490377,0, 1305, 2619, 87.09, 36, Not Active, Not Active, Not Active;1, 1305, 2619, 82.38, 31, Not Active, Not Active, Not Active;2, 1305, 2619, 85.09, 33, Not Active, Not Active, Not Active;3, 1305, 2619, 81.61, 30, Not Active, Not Active, Not Active;
1786523428.789480472,0, 1305, 2619, 87.19, 36, Not Active, Not Active, Not Active;1, 1305, 2619, 82.19, 31, Not Active, Not Active, Not Active;2, 1305, 2619, 84.99, 33, Not Active, Not Active, Not Active;3, 1305, 2619, 81.62, 30, Not Active, Not Active, Not Active;
1786523429.295416032,0, 1305, 2619, 87.21, 36, Not Active, Not Active, Not Active;1, 1305, 2619, 82.27, 31, Not Active, Not Active, Not Active;2, 1305, 2619, 84.86, 33, Not Active, Not Active, Not Active;3, 1305, 2619, 81.67, 30, Not Active, Not Active, Not Active;
1786523429.893965166,0, 1305, 2619, 87.23, 36, Not Active, Not Active, Not Active;1, 1305, 2619, 82.43, 31, Not Active, Not Active, Not Active;2, 1305, 2619, 84.84, 33, Not Active, Not Active, Not Active;3, 1305, 2619, 81.73, 30, Not Active, Not Active, Not Active;
1786523430.315120262,0, 1305, 2619, 87.16, 36, Not Active, Not Active, Not Active;1, 1305, 2619, 82.59, 31, Not Active, Not Active, Not Active;2, 1305, 2619, 84.85, 33, Not Active, Not Active, Not Active;3, 1305, 2619, 81.75, 30, Not Active, Not Active, Not Active;
1786523430.746002834,0, 1305, 2619, 87.12, 36, Not Active, Not Active, Not Active;1, 1305, 2619, 82.76, 31, Not Active, Not Active, Not Active;2, 1305, 2619, 84.88, 33, Not Active, Not Active, Not Active;3, 1305, 2619, 81.73, 30, Not Active, Not Active, Not Active;
1786523431.411955366,0, 1305, 2619, 87.16, 36, Not Active, Not Active, Not Active;1, 1305, 2619, 82.70, 31, Not Active, Not Active, Not Active;2, 1305, 2619, 84.91, 33, Not Active, Not Active, Not Active;3, 1305, 2619, 81.76, 30, Not Active, Not Active, Not Active;
1786523431.814552846,0, 1305, 2619, 140.76, 47, Not Active, Not Active, Not Active;1, 1305, 2619, 82.58, 31, Not Active, Not Active, Not Active;2, 1305, 2619, 84.90, 33, Not Active, Not Active, Not Active;3, 1305, 2619, 81.70, 30, Not Active, Not Active, Not Active;
1786523432.176944797,0, 1305, 2619, 405.62, 54, Not Active, Not Active, Not Active;1, 1305, 2619, 82.39, 31, Not Active, Not Active, Not Active;2, 1305, 2619, 84.91, 33, Not Active, Not Active, Not Active;3, 1305, 2619, 81.72, 30, Not Active, Not Active, Not Active;
1786523432.549847262,0, 1305, 2619, 560.12, 57, Not Active, Not Active, Not Active;1, 1305, 2619, 82.35, 31, Not Active, Not Active, Not Active;2, 1305, 2619, 84.94, 33, Not Active, Not Active, Not Active;3, 1305, 2619, 81.71, 30, Not Active, Not Active, Not Active;
1786523432.897338011,0, 1260, 2619, 703.05, 56, Not Active, Active, Not Active;1, 1305, 2619, 82.36, 31, Not Active, Not Active, Not Active;2, 1305, 2619, 84.93, 33, Not Active, Not Active, Not Active;3, 1305, 2619, 81.75, 30, Not Active, Not Active, Not Active;
1786523433.268587187,0, 1290, 2619, 701.26, 60, Not Active, Active, Not Active;1, 1305, 2619, 82.50, 31, Not Active, Not Active, Not Active;2, 1305, 2619, 84.87, 33, Not Active, Not Active, Not Active;3, 1305, 2619, 81.82, 30, Not Active, Not Active, Not Active;
1786523433.631235845,0, 1245, 2619, 701.26, 59, Not Active, Active, Not Active;1, 1305, 2619, 82.71, 31, Not Active, Not Active, Not Active;2, 1305, 2619, 84.99, 33, Not Active, Not Active, Not Active;3, 1305, 2619, 81.91, 30, Not Active, Not Active, Not Active;
1786523434.171507795,0, 1290, 2619, 701.00, 61, Not Active, Active, Not Active;1, 1305, 2619, 82.76, 31, Not Active, Not Active, Not Active;2, 1305, 2619, 85.03, 33, Not Active, Not Active, Not Active;3, 1305, 2619, 81.91, 30, Not Active, Not Active, Not Active;
1786523434.492104467,0, 1245, 2619, 699.43, 61, Not Active, Active, Not Active;1, 1305, 2619, 82.75, 31, Not Active, Not Active, Not Active;2, 1305, 2619, 85.05, 33, Not Active, Not Active, Not Active;3, 1305, 2619, 81.90, 30, Not Active, Not Active, Not Active;
1786523434.797839917,0, 1230, 2619, 695.37, 60, Not Active, Active, Not Active;1, 1305, 2619, 82.70, 31, Not Active, Not Active, Not Active;2, 1305, 2619, 85.01, 33, Not Active, Not Active, Not Active;3, 1305, 2619, 81.82, 30, Not Active, Not Active, Not Active;
1786523435.122031879,0, 1290, 2619, 702.99, 62, Not Active, Active, Not Active;1, 1305, 2619, 82.59, 31, Not Active, Not Active, Not Active;2, 1305, 2619, 85.03, 33, Not Active, Not Active, Not Active;3, 1305, 2619, 81.82, 30, Not Active, Not Active, Not Active;
1786523435.445283518,0, 1245, 2619, 695.82, 62, Not Active, Active, Not Active;1, 1305, 2619, 82.50, 31, Not Active, Not Active, Not Active;2, 1305, 2619, 84.96, 33, Not Active, Not Active, Not Active;3, 1305, 2619, 81.82, 30, Not Active, Not Active, Not Active;
1786523435.759445477,0, 1230, 2619, 698.79, 61, Not Active, Active, Not Active;1, 1305, 2619, 82.42, 31, Not Active, Not Active, Not Active;2, 1305, 2619, 84.88, 33, Not Active, Not Active, Not Active;3, 1305, 2619, 81.88, 30, Not Active, Not Active, Not Active;
1786523436.131538855,0, 1305, 2619, 692.51, 61, Not Active, Not Active, Not Active;1, 1305, 2619, 82.38, 31, Not Active, Not Active, Not Active;2, 1305, 2619, 84.86, 33, Not Active, Not Active, Not Active;3, 1305, 2619, 81.89, 30, Not Active, Not Active, Not Active;
1786523436.494424295,0, 1305, 2619, 683.83, 61, Not Active, Not Active, Not Active;1, 1305, 2619, 82.57, 31, Not Active, Not Active, Not Active;2, 1305, 2619, 85.03, 33, Not Active, Not Active, Not Active;3, 1305, 2619, 81.85, 30, Not Active, Not Active, Not Active;
1786523437.100095749,0, 1305, 2619, 681.05, 61, Not Active, Not Active, Not Active;1, 1305, 2619, 82.67, 31, Not Active, Not Active, Not Active;2, 1305, 2619, 85.04, 33, Not Active, Not Active, Not Active;3, 1305, 2619, 81.79, 30, Not Active, Not Active, Not Active;
1786523437.381258650,0, 1305, 2619, 680.26, 61, Not Active, Not Active, Not Active;1, 1305, 2619, 82.76, 31, Not Active, Not Active, Not Active;2, 1305, 2619, 85.04, 33, Not Active, Not Active, Not Active;3, 1305, 2619, 81.81, 30, Not Active, Not Active, Not Active;
1786523437.671346444,0, 1305, 2619, 677.80, 61, Not Active, Not Active, Not Active;1, 1305, 2619, 82.84, 31, Not Active, Not Active, Not Active;2, 1305, 2619, 85.06, 33, Not Active, Not Active, Not Active;3, 1305, 2619, 81.76, 30, Not Active, Not Active, Not Active;
1786523437.970958439,0, 1305, 2619, 679.84, 62, Not Active, Not Active, Not Active;1, 1305, 2619, 82.82, 31, Not Active, Not Active, Not Active;2, 1305, 2619, 85.06, 33, Not Active, Not Active, Not Active;3, 1305, 2619, 81.75, 30, Not Active, Not Active, Not Active;
1786523438.270124345,0, 1305, 2619, 679.50, 62, Not Active, Not Active, Not Active;1, 1305, 2619, 82.69, 31, Not Active, Not Active, Not Active;2, 1305, 2619, 85.06, 33, Not Active, Not Active, Not Active;3, 1305, 2619, 81.79, 30, Not Active, Not Active, Not Active;
1786523438.550617863,0, 1305, 2619, 680.32, 62, Not Active, Not Active, Not Active;1, 1305, 2619, 82.60, 31, Not Active, Not Active, Not Active;2, 1305, 2619, 85.02, 33, Not Active, Not Active, Not Active;3, 1305, 2619, 81.84, 30, Not Active, Not Active, Not Active;
1786523438.834925167,0, 1305, 2619, 681.22, 62, Not Active, Not Active, Not Active;1, 1305, 2619, 82.55, 31, Not Active, Not Active, Not Active;2, 1305, 2619, 85.03, 33, Not Active, Not Active, Not Active;3, 1305, 2619, 81.83, 30, Not Active, Not Active, Not Active;
1786523439.196544985,0, 1305, 2619, 678.24, 62, Not Active, Not Active, Not Active;1, 1305, 2619, 82.48, 31, Not Active, Not Active, Not Active;2, 1305, 2619, 85.05, 33, Not Active, Not Active, Not Active;3, 1305, 2619, 81.90, 30, Not Active, Not Active, Not Active;
1786523439.724452922,0, 1305, 2619, 680.85, 63, Not Active, Not Active, Not Active;1, 1305, 2619, 82.46, 31, Not Active, Not Active, Not Active;2, 1305, 2619, 85.02, 33, Not Active, Not Active, Not Active;3, 1305, 2619, 81.96, 30, Not Active, Not Active, Not Active;
1786523440.182011001,0, 1305, 2619, 497.53, 48, Not Active, Not Active, Not Active;1, 1305, 2619, 82.56, 31, Not Active, Not Active, Not Active;2, 1305, 2619, 84.95, 33, Not Active, Not Active, Not Active;3, 1305, 2619, 81.95, 30, Not Active, Not Active, Not Active;
1786523440.830466899,0, 1305, 2619, 93.15, 44, Not Active, Not Active, Not Active;1, 1305, 2619, 82.74, 31, Not Active, Not Active, Not Active;2, 1305, 2619, 84.99, 33, Not Active, Not Active, Not Active;3, 1305, 2619, 81.79, 30, Not Active, Not Active, Not Active;
1786523441.315884688,0, 1305, 2619, 91.22, 43, Not Active, Not Active, Not Active;1, 1305, 2619, 82.73, 31, Not Active, Not Active, Not Active;2, 1305, 2619, 84.96, 33, Not Active, Not Active, Not Active;3, 1305, 2619, 81.79, 30, Not Active, Not Active, Not Active;
1786523441.919003722,0, 1305, 2619, 90.35, 42, Not Active, Not Active, Not Active;1, 1305, 2619, 82.64, 31, Not Active, Not Active, Not Active;2, 1305, 2619, 85.03, 33, Not Active, Not Active, Not Active;3, 1305, 2619, 81.87, 30, Not Active, Not Active, Not Active;
1786523442.338486957,0, 1305, 2619, 89.83, 41, Not Active, Not Active, Not Active;1, 1305, 2619, 82.61, 31, Not Active, Not Active, Not Active;2, 1305, 2619, 84.93, 33, Not Active, Not Active, Not Active;3, 1305, 2619, 81.77, 30, Not Active, Not Active, Not Active;
1786523442.954274185,0, 1305, 2619, 89.57, 41, Not Active, Not Active, Not Active;1, 1305, 2619, 82.54, 31, Not Active, Not Active, Not Active;2, 1305, 2619, 85.00, 33, Not Active, Not Active, Not Active;3, 1305, 2619, 81.82, 30, Not Active, Not Active, Not Active;
1786523443.320392558,0, 1305, 2619, 89.39, 40, Not Active, Not Active, Not Active;1, 1305, 2619, 82.47, 31, Not Active, Not Active, Not Active;2, 1305, 2619, 84.96, 33, Not Active, Not Active, Not Active;3, 1305, 2619, 81.84, 30, Not Active, Not Active, Not Active;
1786523443.648985651,0, 1305, 2619, 128.50, 46, Not Active, Not Active, Not Active;1, 1305, 2619, 83.96, 31, Not Active, Not Active, Not Active;2, 1305, 2619, 85.60, 33, Not Active, Not Active, Not Active;3, 1305, 2619, 83.76, 31, Not Active, Not Active, Not Active;
1786523443.960598347,0, 1305, 2619, 183.13, 49, Not Active, Not Active, Not Active;1, 1305, 2619, 88.13, 31, Not Active, Not Active, Not Active;2, 1305, 2619, 89.79, 33, Not Active, Not Active, Not Active;3, 1305, 2619, 86.73, 30, Not Active, Not Active, Not Active;
1786523444.254083662,0, 1305, 2619, 260.70, 45, Not Active, Not Active, Not Active;1, 1305, 2619, 93.95, 31, Not Active, Not Active, Not Active;2, 1305, 2619, 94.59, 33, Not Active, Not Active, Not Active;3, 1305, 2619, 93.08, 31, Not Active, Not Active, Not Active;
1786523444.582009431,0, 1305, 2619, 309.78, 51, Not Active, Not Active, Not Active;1, 1305, 2619, 95.99, 31, Not Active, Not Active, Not Active;2, 1305, 2619, 100.36, 33, Not Active, Not Active, Not Active;3, 1305, 2619, 97.01, 31, Not Active, Not Active, Not Active;
1786523444.983540071,0, 1305, 2619, 313.35, 49, Not Active, Not Active, Not Active;1, 1305, 2619, 100.09, 31, Not Active, Not Active, Not Active;2, 1305, 2619, 101.78, 33, Not Active, Not Active, Not Active;3, 1305, 2619, 100.80, 31, Not Active, Not Active, Not Active;
1786523445.563316008,0, 1305, 2619, 294.80, 43, Not Active, Not Active, Not Active;1, 1305, 2619, 108.49, 31, Not Active, Not Active, Not Active;2, 1305, 2619, 109.12, 33, Not Active, Not Active, Not Active;3, 1305, 2619, 106.98, 31, Not Active, Not Active, Not Active;
1786523445.865629662,0, 1305, 2619, 298.99, 51, Not Active, Not Active, Not Active;1, 1305, 2619, 107.29, 31, Not Active, Not Active, Not Active;2, 1305, 2619, 109.38, 33, Not Active, Not Active, Not Active;3, 1305, 2619, 106.58, 31, Not Active, Not Active, Not Active;
1786523446.203856964,0, 1305, 2619, 250.46, 47, Not Active, Not Active, Not Active;1, 1305, 2619, 112.01, 31, Not Active, Not Active, Not Active;2, 1305, 2619, 111.45, 33, Not Active, Not Active, Not Active;3, 1305, 2619, 103.51, 30, Not Active, Not Active, Not Active;
1786523446.573251358,0, 1305, 2619, 285.64, 46, Not Active, Not Active, Not Active;1, 1305, 2619, 104.53, 31, Not Active, Not Active, Not Active;2, 1305, 2619, 102.33, 33, Not Active, Not Active, Not Active;3, 1305, 2619, 91.65, 30, Not Active, Not Active, Not Active;
1786523446.964065557,0, 1305, 2619, 309.08, 49, Not Active, Not Active, Not Active;1, 1305, 2619, 99.85, 31, Not Active, Not Active, Not Active;2, 1305, 2619, 97.82, 32, Not Active, Not Active, Not Active;3, 1305, 2619, 85.87, 30, Not Active, Not Active, Not Active;
1786523447.254782225,0, 1305, 2619, 366.13, 48, Not Active, Not Active, Not Active;1, 1305, 2619, 88.99, 31, Not Active, Not Active, Not Active;2, 1305, 2619, 91.47, 32, Not Active, Not Active, Not Active;3, 1305, 2619, 81.58, 30, Not Active, Not Active, Not Active;
1786523447.549593511,0, 1305, 2619, 425.30, 56, Not Active, Not Active, Not Active;1, 1305, 2619, 85.52, 31, Not Active, Not Active, Not Active;2, 1305, 2619, 84.88, 32, Not Active, Not Active, Not Active;3, 1305, 2619, 81.59, 30, Not Active, Not Active, Not Active;
1786523447.899589930,0, 1305, 2619, 533.28, 49, Not Active, Not Active, Not Active;1, 1305, 2619, 84.43, 31, Not Active, Not Active, Not Active;2, 1305, 2619, 88.80, 33, Not Active, Not Active, Not Active;3, 1305, 2619, 87.51, 30, Not Active, Not Active, Not Active;
1786523448.529715480,0, 1305, 2619, 556.02, 58, Not Active, Not Active, Not Active;1, 1305, 2619, 86.49, 31, Not Active, Not Active, Not Active;2, 1305, 2619, 89.65, 32, Not Active, Not Active, Not Active;3, 1305, 2619, 87.54, 30, Not Active, Not Active, Not Active;
1786523448.820998436,0, 1305, 2619, 566.33, 60, Not Active, Not Active, Not Active;1, 1305, 2619, 86.49, 31, Not Active, Not Active, Not Active;2, 1305, 2619, 89.65, 32, Not Active, Not Active, Not Active;3, 1305, 2619, 87.51, 30, Not Active, Not Active, Not Active;
1786523449.118284448,0, 1305, 2619, 557.24, 61, Not Active, Not Active, Not Active;1, 1305, 2619, 88.19, 31, Not Active, Not Active, Not Active;2, 1305, 2619, 87.86, 32, Not Active, Not Active, Not Active;3, 1305, 2619, 88.34, 30, Not Active, Not Active, Not Active;
1786523449.399840402,0, 1305, 2619, 656.12, 62, Not Active, Not Active, Not Active;1, 1305, 2619, 87.65, 31, Not Active, Not Active, Not Active;2, 1305, 2619, 91.04, 33, Not Active, Not Active, Not Active;3, 1305, 2619, 89.26, 31, Not Active, Not Active, Not Active;
1786523449.723520231,0, 1305, 2619, 603.81, 51, Not Active, Not Active, Not Active;1, 1305, 2619, 96.20, 31, Not Active, Not Active, Not Active;2, 1305, 2619, 95.94, 33, Not Active, Not Active, Not Active;3, 1305, 2619, 96.06, 31, Not Active, Not Active, Not Active;
1786523450.067371786,0, 1305, 2619, 506.52, 59, Not Active, Not Active, Not Active;1, 1305, 2619, 95.29, 31, Not Active, Not Active, Not Active;2, 1305, 2619, 97.86, 33, Not Active, Not Active, Not Active;3, 1305, 2619, 94.56, 30, Not Active, Not Active, Not Active;
1786523450.380334697,0, 1305, 2619, 521.59, 62, Not Active, Not Active, Not Active;1, 1305, 2619, 90.41, 31, Not Active, Not Active, Not Active;2, 1305, 2619, 94.00, 32, Not Active, Not Active, Not Active;3, 1305, 2619, 88.95, 30, Not Active, Not Active, Not Active;
1786523450.781691894,0, 1305, 2619, 671.59, 63, Not Active, Not Active, Not Active;1, 1305, 2619, 88.62, 31, Not Active, Not Active, Not Active;2, 1305, 2619, 92.84, 33, Not Active, Not Active, Not Active;3, 1305, 2619, 90.49, 31, Not Active, Not Active, Not Active;
1786523451.331484872,0, 1305, 2619, 618.08, 51, Not Active, Not Active, Not Active;1, 1305, 2619, 99.11, 31, Not Active, Not Active, Not Active;2, 1305, 2619, 100.73, 33, Not Active, Not Active, Not Active;3, 1305, 2619, 97.86, 31, Not Active, Not Active, Not Active;
1786523451.652270489,0, 1305, 2619, 552.92, 60, Not Active, Not Active, Not Active;1, 1305, 2619, 100.20, 31, Not Active, Not Active, Not Active;2, 1305, 2619, 101.59, 33, Not Active, Not Active, Not Active;3, 1305, 2619, 96.17, 30, Not Active, Not Active, Not Active;
1786523451.950046813,0, 1305, 2619, 547.80, 62, Not Active, Not Active, Not Active;1, 1305, 2619, 94.82, 31, Not Active, Not Active, Not Active;2, 1305, 2619, 97.97, 33, Not Active, Not Active, Not Active;3, 1305, 2619, 91.69, 30, Not Active, Not Active, Not Active;
1786523452.245322872,0, 1305, 2619, 539.22, 63, Not Active, Not Active, Not Active;1, 1305, 2619, 92.99, 31, Not Active, Not Active, Not Active;2, 1305, 2619, 91.86, 33, Not Active, Not Active, Not Active;3, 1305, 2619, 87.82, 30, Not Active, Not Active, Not Active;
1786523452.520200020,0, 1305, 2619, 658.06, 64, Not Active, Not Active, Not Active;1, 1305, 2619, 90.28, 31, Not Active, Not Active, Not Active;2, 1305, 2619, 94.28, 33, Not Active, Not Active, Not Active;3, 1305, 2619, 91.80, 31, Not Active, Not Active, Not Active;
1786523452.834411668,0, 1305, 2619, 658.84, 54, Not Active, Not Active, Not Active;1, 1305, 2619, 98.73, 31, Not Active, Not Active, Not Active;2, 1305, 2619, 105.74, 33, Not Active, Not Active, Not Active;3, 1305, 2619, 100.90, 31, Not Active, Not Active, Not Active;
1786523453.131602417,0, 1305, 2619, 495.72, 58, Not Active, Not Active, Not Active;1, 1305, 2619, 108.86, 31, Not Active, Not Active, Not Active;2, 1305, 2619, 111.05, 33, Not Active, Not Active, Not Active;3, 1305, 2619, 107.51, 30, Not Active, Not Active, Not Active;
1786523453.543094792,0, 1305, 2619, 495.61, 63, Not Active, Not Active, Not Active;1, 1305, 2619, 97.33, 31, Not Active, Not Active, Not Active;2, 1305, 2619, 94.85, 33, Not Active, Not Active, Not Active;3, 1305, 2619, 95.48, 31, Not Active, Not Active, Not Active;
1786523454.059164958,0, 1305, 2619, 667.96, 64, Not Active, Not Active, Not Active;1, 1305, 2619, 89.71, 31, Not Active, Not Active, Not Active;2, 1305, 2619, 91.07, 33, Not Active, Not Active, Not Active;3, 1305, 2619, 91.88, 31, Not Active, Not Active, Not Active;
1786523454.365212231,0, 1305, 2619, 666.49, 64, Not Active, Not Active, Not Active;1, 1305, 2619, 102.49, 32, Not Active, Not Active, Not Active;2, 1305, 2619, 101.47, 33, Not Active, Not Active, Not Active;3, 1305, 2619, 101.36, 31, Not Active, Not Active, Not Active;
1786523454.659677689,0, 1305, 2619, 523.22, 53, Not Active, Not Active, Not Active;1, 1305, 2619, 111.14, 32, Not Active, Not Active, Not Active;2, 1305, 2619, 109.24, 33, Not Active, Not Active, Not Active;3, 1305, 2619, 103.92, 30, Not Active, Not Active, Not Active;
1786523454.954928117,0, 1305, 2619, 518.26, 62, Not Active, Not Active, Not Active;1, 1305, 2619, 106.57, 31, Not Active, Not Active, Not Active;2, 1305, 2619, 106.96, 33, Not Active, Not Active, Not Active;3, 1305, 2619, 95.50, 30, Not Active, Not Active, Not Active;
1786523455.351564144,0, 1305, 2619, 513.81, 63, Not Active, Not Active, Not Active;1, 1305, 2619, 95.83, 31, Not Active, Not Active, Not Active;2, 1305, 2619, 95.01, 33, Not Active, Not Active, Not Active;3, 1305, 2619, 82.36, 30, Not Active, Not Active, Not Active;
1786523455.646087308,0, 1305, 2619, 560.47, 64, Not Active, Not Active, Not Active;1, 1305, 2619, 91.07, 31, Not Active, Not Active, Not Active;2, 1305, 2619, 90.83, 33, Not Active, Not Active, Not Active;3, 1305, 2619, 81.71, 30, Not Active, Not Active, Not Active;
1786523456.017205132,0, 1305, 2619, 614.12, 55, Not Active, Not Active, Not Active;1, 1305, 2619, 99.89, 31, Not Active, Not Active, Not Active;2, 1305, 2619, 99.46, 33, Not Active, Not Active, Not Active;3, 1305, 2619, 81.68, 30, Not Active, Not Active, Not Active;
1786523456.427478252,0, 1305, 2619, 579.74, 63, Not Active, Not Active, Not Active;1, 1305, 2619, 94.38, 31, Not Active, Not Active, Not Active;2, 1305, 2619, 90.77, 33, Not Active, Not Active, Not Active;3, 1305, 2619, 81.64, 30, Not Active, Not Active, Not Active;
1786523457.015994743,0, 1305, 2619, 569.71, 64, Not Active, Not Active, Not Active;1, 1305, 2619, 82.48, 31, Not Active, Not Active, Not Active;2, 1305, 2619, 85.15, 33, Not Active, Not Active, Not Active;3, 1305, 2619, 81.68, 30, Not Active, Not Active, Not Active;
1786523457.302110926,0, 1305, 2619, 636.61, 63, Not Active, Not Active, Not Active;1, 1305, 2619, 82.36, 31, Not Active, Not Active, Not Active;2, 1305, 2619, 84.81, 33, Not Active, Not Active, Not Active;3, 1305, 2619, 81.67, 30, Not Active, Not Active, Not Active;
1786523457.583445457,0, 1305, 2619, 629.46, 58, Not Active, Not Active, Not Active;1, 1305, 2619, 82.46, 31, Not Active, Not Active, Not Active;2, 1305, 2619, 84.81, 33, Not Active, Not Active, Not Active;3, 1305, 2619, 81.65, 30, Not Active, Not Active, Not Active;
1786523457.884086889,0, 1305, 2619, 637.62, 65, Not Active, Not Active, Not Active;1, 1305, 2619, 82.52, 31, Not Active, Not Active, Not Active;2, 1305, 2619, 84.80, 33, Not Active, Not Active, Not Active;3, 1305, 2619, 81.59, 30, Not Active, Not Active, Not Active;
1786523458.164969837,0, 1305, 2619, 642.68, 65, Not Active, Not Active, Not Active;1, 1305, 2619, 82.56, 31, Not Active, Not Active, Not Active;2, 1305, 2619, 84.78, 33, Not Active, Not Active, Not Active;3, 1305, 2619, 81.66, 30, Not Active, Not Active, Not Active;
1786523458.451552828,0, 1305, 2619, 654.34, 66, Not Active, Active, Not Active;1, 1305, 2619, 82.57, 31, Not Active, Not Active, Not Active;2, 1305, 2619, 84.76, 32, Not Active, Not Active, Not Active;3, 1305, 2619, 81.69, 30, Not Active, Not Active, Not Active;
1786523458.722193471,0, 1305, 2619, 689.94, 67, Not Active, Active, Not Active;1, 1305, 2619, 82.56, 31, Not Active, Not Active, Not Active;2, 1305, 2619, 84.74, 32, Not Active, Not Active, Not Active;3, 1305, 2619, 81.72, 30, Not Active, Not Active, Not Active;
1786523459.048165763,0, 1305, 2619, 610.76, 63, Not Active, Active, Not Active;1, 1305, 2619, 86.43, 31, Not Active, Not Active, Not Active;2, 1305, 2619, 89.72, 33, Not Active, Not Active, Not Active;3, 1305, 2619, 87.59, 30, Not Active, Not Active, Not Active;
1786523459.644255428,0, 1305, 2619, 620.91, 65, Not Active, Not Active, Not Active;1, 1305, 2619, 86.37, 31, Not Active, Not Active, Not Active;2, 1305, 2619, 89.21, 32, Not Active, Not Active, Not Active;3, 1305, 2619, 87.56, 30, Not Active, Not Active, Not Active;
1786523459.926003675,0, 1305, 2619, 616.55, 66, Not Active, Active, Not Active;1, 1305, 2619, 86.27, 31, Not Active, Not Active, Not Active;2, 1305, 2619, 91.69, 33, Not Active, Not Active, Not Active;3, 1305, 2619, 89.15, 30, Not Active, Not Active, Not Active;
1786523460.232947239,0, 1200, 2619, 649.62, 64, Not Active, Active, Not Active;1, 1305, 2619, 88.72, 31, Not Active, Not Active, Not Active;2, 1305, 2619, 92.82, 33, Not Active, Not Active, Not Active;3, 1305, 2619, 90.93, 31, Not Active, Not Active, Not Active;
1786523460.534268545,0, 1275, 2619, 695.71, 66, Not Active, Active, Not Active;1, 1305, 2619, 93.52, 31, Not Active, Not Active, Not Active;2, 1305, 2619, 98.92, 33, Not Active, Not Active, Not Active;3, 1305, 2619, 96.91, 31, Not Active, Not Active, Not Active;
1786523460.830099112,0, 1305, 2619, 575.26, 53, Not Active, Not Active, Not Active;1, 1305, 2619, 102.94, 31, Not Active, Not Active, Not Active;2, 1305, 2619, 104.92, 33, Not Active, Not Active, Not Active;3, 1305, 2619, 100.37, 30, Not Active, Not Active, Not Active;
1786523461.163213926,0, 1305, 2619, 530.82, 64, Not Active, Active, Not Active;1, 1305, 2619, 99.29, 31, Not Active, Not Active, Not Active;2, 1305, 2619, 98.95, 32, Not Active, Not Active, Not Active;3, 1305, 2619, 97.39, 30, Not Active, Not Active, Not Active;
1786523461.420868489,0, 1305, 2619, 558.93, 66, Not Active, Active, Not Active;1, 1305, 2619, 93.80, 31, Not Active, Not Active, Not Active;2, 1305, 2619, 93.98, 32, Not Active, Not Active, Not Active;3, 1305, 2619, 88.99, 30, Not Active, Not Active, Not Active;
1786523461.736759494,0, 975, 2619, 618.47, 64, Not Active, Active, Not Active;1, 1305, 2619, 89.80, 31, Not Active, Not Active, Not Active;2, 1305, 2619, 92.20, 33, Not Active, Not Active, Not Active;3, 1305, 2619, 90.02, 30, Not Active, Not Active, Not Active;
1786523462.106638719,0, 1305, 2619, 693.57, 58, Not Active, Not Active, Not Active;1, 1305, 2619, 100.92, 31, Not Active, Not Active, Not Active;2, 1305, 2619, 100.49, 33, Not Active, Not Active, Not Active;3, 1305, 2619, 99.61, 31, Not Active, Not Active, Not Active;
1786523462.651079353,0, 1305, 2619, 509.42, 63, Not Active, Active, Not Active;1, 1305, 2619, 101.76, 31, Not Active, Not Active, Not Active;2, 1305, 2619, 104.41, 32, Not Active, Not Active, Not Active;3, 1305, 2619, 100.11, 30, Not Active, Not Active, Not Active;
1786523463.025472981,0, 1305, 2619, 565.79, 65, Not Active, Not Active, Not Active;1, 1305, 2619, 93.32, 31, Not Active, Not Active, Not Active;2, 1305, 2619, 98.18, 32, Not Active, Not Active, Not Active;3, 1305, 2619, 91.99, 30, Not Active, Not Active, Not Active;
1786523463.369882554,0, 1155, 2619, 570.47, 66, Not Active, Active, Not Active;1, 1305, 2619, 90.85, 31, Not Active, Not Active, Not Active;2, 1305, 2619, 95.58, 33, Not Active, Not Active, Not Active;3, 1305, 2619, 94.36, 30, Not Active, Not Active, Not Active;
1786523463.731105296,0, 1260, 2619, 689.97, 66, Not Active, Active, Not Active;1, 1305, 2619, 97.50, 31, Not Active, Not Active, Not Active;2, 1305, 2619, 98.99, 33, Not Active, Not Active, Not Active;3, 1305, 2619, 100.49, 31, Not Active, Not Active, Not Active;
1786523464.097944774,0, 1305, 2619, 502.98, 51, Not Active, Not Active, Not Active;1, 1305, 2619, 113.40, 31, Not Active, Not Active, Not Active;2, 1305, 2619, 113.80, 32, Not Active, Not Active, Not Active;3, 1305, 2619, 111.03, 30, Not Active, Not Active, Not Active;
1786523464.687334149,0, 1305, 2619, 544.88, 66, Not Active, Active, Not Active;1, 1305, 2619, 97.25, 31, Not Active, Not Active, Not Active;2, 1305, 2619, 98.16, 33, Not Active, Not Active, Not Active;3, 1305, 2619, 94.93, 30, Not Active, Not Active, Not Active;
1786523465.913644181,0, 1305, 2619, 518.69, 62, Not Active, Not Active, Not Active;1, 1305, 2619, 119.72, 31, Not Active, Not Active, Not Active;2, 1305, 2619, 116.84, 32, Not Active, Not Active, Not Active;3, 1305, 2619, 106.79, 30, Not Active, Not Active, Not Active;
1786523466.794968721,0, 1170, 2619, 659.59, 63, Not Active, Active, Not Active;1, 1305, 2619, 93.73, 31, Not Active, Not Active, Not Active;2, 1305, 2619, 92.78, 33, Not Active, Not Active, Not Active;3, 1305, 2619, 81.55, 30, Not Active, Not Active, Not Active;
1786523467.447600061,0, 1305, 2619, 652.72, 55, Not Active, Not Active, Not Active;1, 1305, 2619, 107.47, 31, Not Active, Not Active, Not Active;2, 1305, 2619, 105.12, 32, Not Active, Not Active, Not Active;3, 1305, 2619, 81.62, 30, Not Active, Not Active, Not Active;
1786523467.905621264,0, 1305, 2619, 618.18, 65, Not Active, Active, Not Active;1, 1305, 2619, 97.82, 30, Not Active, Not Active, Not Active;2, 1305, 2619, 98.15, 32, Not Active, Not Active, Not Active;3, 1305, 2619, 81.63, 30, Not Active, Not Active, Not Active;
1786523468.248940523,0, 1050, 2619, 680.82, 63, Not Active, Active, Not Active;1, 1305, 2619, 83.17, 30, Not Active, Not Active, Not Active;2, 1305, 2619, 84.29, 32, Not Active, Not Active, Not Active;3, 1305, 2619, 81.52, 30, Not Active, Not Active, Not Active;
1786523468.787063133,0, 1290, 2619, 699.87, 65, Not Active, Active, Not Active;1, 1305, 2619, 82.64, 30, Not Active, Not Active, Not Active;2, 1305, 2619, 84.40, 32, Not Active, Not Active, Not Active;3, 1305, 2619, 81.52, 30, Not Active, Not Active, Not Active;
1786523469.077088422,0, 1305, 2619, 688.99, 64, Not Active, Active, Not Active;1, 1305, 2619, 82.62, 30, Not Active, Not Active, Not Active;2, 1305, 2619, 84.38, 32, Not Active, Not Active, Not Active;3, 1305, 2619, 81.52, 30, Not Active, Not Active, Not Active;
1786523469.350723298,0, 1305, 2619, 691.76, 67, Not Active, Not Active, Not Active;1, 1305, 2619, 82.62, 30, Not Active, Not Active, Not Active;2, 1305, 2619, 84.31, 32, Not Active, Not Active, Not Active;3, 1305, 2619, 81.52, 30, Not Active, Not Active, Not Active;
1786523469.620138571,0, 1230, 2619, 690.61, 66, Not Active, Active, Not Active;1, 1305, 2619, 82.49, 30, Not Active, Not Active, Not Active;2, 1305, 2619, 84.33, 32, Not Active, Not Active, Not Active;3, 1305, 2619, 81.55, 30, Not Active, Not Active, Not Active;
1786523469.881575404,0, 1305, 2619, 647.53, 55, Not Active, Not Active, Not Active;1, 1305, 2619, 82.51, 30, Not Active, Not Active, Not Active;2, 1305, 2619, 84.75, 32, Not Active, Not Active, Not Active;3, 1305, 2619, 81.59, 30, Not Active, Not Active, Not Active;
1786523470.292096736,0, 1305, 2619, 365.84, 49, Not Active, Not Active, Not Active;1, 1305, 2619, 82.37, 30, Not Active, Not Active, Not Active;2, 1305, 2619, 84.83, 32, Not Active, Not Active, Not Active;3, 1305, 2619, 81.60, 30, Not Active, Not Active, Not Active;
1786523471.091510333,0, 1305, 2619, 93.16, 45, Not Active, Not Active, Not Active;1, 1305, 2619, 82.27, 30, Not Active, Not Active, Not Active;2, 1305, 2619, 84.40, 32, Not Active, Not Active, Not Active;3, 1305, 2619, 81.75, 30, Not Active, Not Active, Not Active;
1786523471.581541749,0, 1305, 2619, 91.81, 44, Not Active, Not Active, Not Active;1, 1305, 2619, 82.55, 30, Not Active, Not Active, Not Active;2, 1305, 2619, 84.45, 32, Not Active, Not Active, Not Active;3, 1305, 2619, 81.58, 30, Not Active, Not Active, Not Active;
1786523472.264511716,0, 1305, 2619, 90.94, 43, Not Active, Not Active, Not Active;1, 1305, 2619, 82.64, 30, Not Active, Not Active, Not Active;2, 1305, 2619, 84.35, 32, Not Active, Not Active, Not Active;3, 1305, 2619, 81.62, 30, Not Active, Not Active, Not Active;
1786523472.685248060,0, 1305, 2619, 90.70, 43, Not Active, Not Active, Not Active;1, 1305, 2619, 82.57, 30, Not Active, Not Active, Not Active;2, 1305, 2619, 84.28, 32, Not Active, Not Active, Not Active;3, 1305, 2619, 81.62, 30, Not Active, Not Active, Not Active;
1786523473.035645751,0, 1305, 2619, 90.52, 42, Not Active, Not Active, Not Active;1, 1305, 2619, 82.38, 30, Not Active, Not Active, Not Active;2, 1305, 2619, 84.24, 32, Not Active, Not Active, Not Active;3, 1305, 2619, 81.62, 30, Not Active, Not Active, Not Active;
1786523473.373800511,0, 1305, 2619, 90.29, 42, Not Active, Not Active, Not Active;1, 1305, 2619, 82.28, 30, Not Active, Not Active, Not Active;2, 1305, 2619, 84.28, 32, Not Active, Not Active, Not Active;3, 1305, 2619, 81.65, 30, Not Active, Not Active, Not Active;
1786523473.735399437,0, 1305, 2619, 180.14, 54, Not Active, Not Active, Not Active;1, 1305, 2619, 82.31, 30, Not Active, Not Active, Not Active;2, 1305, 2619, 84.41, 32, Not Active, Not Active, Not Active;3, 1305, 2619, 81.64, 30, Not Active, Not Active, Not Active;
1786523474.081018389,0, 1305, 2619, 373.40, 60, Not Active, Not Active, Not Active;1, 1305, 2619, 82.20, 30, Not Active, Not Active, Not Active;2, 1305, 2619, 84.41, 32, Not Active, Not Active, Not Active;3, 1305, 2619, 81.62, 30, Not Active, Not Active, Not Active;
1786523474.418174640,0, 1305, 2619, 553.03, 48, Not Active, Not Active, Not Active;1, 1305, 2619, 84.44, 30, Not Active, Not Active, Not Active;2, 1305, 2619, 86.85, 32, Not Active, Not Active, Not Active;3, 1305, 2619, 83.94, 30, Not Active, Not Active, Not Active;
1786523474.972035878,0, 1305, 2619, 494.25, 60, Not Active, Not Active, Not Active;1, 1305, 2619, 84.44, 30, Not Active, Not Active, Not Active;2, 1305, 2619, 87.08, 32, Not Active, Not Active, Not Active;3, 1305, 2619, 84.85, 30, Not Active, Not Active, Not Active;
1786523475.273294678,0, 1305, 2619, 488.51, 62, Not Active, Not Active, Not Active;1, 1305, 2619, 84.50, 30, Not Active, Not Active, Not Active;2, 1305, 2619, 86.82, 32, Not Active, Not Active, Not Active;3, 1305, 2619, 85.11, 30, Not Active, Not Active, Not Active;
1786523475.549718323,0, 1305, 2619, 550.18, 62, Not Active, Not Active, Not Active;1, 1305, 2619, 84.52, 31, Not Active, Not Active, Not Active;2, 1305, 2619, 88.53, 32, Not Active, Not Active, Not Active;3, 1305, 2619, 87.19, 30, Not Active, Not Active, Not Active;
1786523475.849355204,0, 1245, 2619, 666.33, 63, Not Active, Active, Not Active;1, 1305, 2619, 86.87, 31, Not Active, Not Active, Not Active;2, 1305, 2619, 90.13, 32, Not Active, Not Active, Not Active;3, 1305, 2619, 87.79, 30, Not Active, Not Active, Not Active;
1786523476.121688662,0, 1290, 2619, 719.37, 65, Not Active, Active, Not Active;1, 1305, 2619, 92.51, 31, Not Active, Not Active, Not Active;2, 1305, 2619, 92.73, 32, Not Active, Not Active, Not Active;3, 1305, 2619, 92.06, 30, Not Active, Not Active, Not Active;
1786523476.453598831,0, 1305, 2619, 537.81, 58, Not Active, Not Active, Not Active;1, 1305, 2619, 96.41, 30, Not Active, Not Active, Not Active;2, 1305, 2619, 98.05, 32, Not Active, Not Active, Not Active;3, 1305, 2619, 94.20, 30, Not Active, Not Active, Not Active;
1786523476.919082702,0, 1305, 2619, 574.11, 64, Not Active, Not Active, Not Active;1, 1305, 2619, 90.82, 30, Not Active, Not Active, Not Active;2, 1305, 2619, 92.63, 32, Not Active, Not Active, Not Active;3, 1305, 2619, 88.89, 30, Not Active, Not Active, Not Active;
1786523477.285877266,0, 1185, 2619, 656.07, 63, Not Active, Active, Not Active;1, 1305, 2619, 88.24, 31, Not Active, Not Active, Not Active;2, 1305, 2619, 90.36, 32, Not Active, Not Active, Not Active;3, 1305, 2619, 89.77, 30, Not Active, Not Active, Not Active;
1786523477.761390766,0, 1275, 2619, 707.00, 65, Not Active, Active, Not Active;1, 1305, 2619, 94.36, 31, Not Active, Not Active, Not Active;2, 1305, 2619, 95.23, 32, Not Active, Not Active, Not Active;3, 1305, 2619, 95.29, 30, Not Active, Not Active, Not Active;
1786523478.061569106,0, 1305, 2619, 586.61, 54, Not Active, Not Active, Not Active;1, 1305, 2619, 100.78, 31, Not Active, Not Active, Not Active;2, 1305, 2619, 102.82, 32, Not Active, Not Active, Not Active;3, 1305, 2619, 100.77, 30, Not Active, Not Active, Not Active;
1786523478.368370095,0, 1305, 2619, 544.77, 63, Not Active, Not Active, Not Active;1, 1305, 2619, 96.77, 30, Not Active, Not Active, Not Active;2, 1305, 2619, 100.54, 32, Not Active, Not Active, Not Active;3, 1305, 2619, 96.79, 30, Not Active, Not Active, Not Active;
1786523478.653444423,0, 1305, 2619, 574.65, 65, Not Active, Not Active, Not Active;1, 1305, 2619, 91.84, 30, Not Active, Not Active, Not Active;2, 1305, 2619, 95.04, 32, Not Active, Not Active, Not Active;3, 1305, 2619, 90.31, 30, Not Active, Not Active, Not Active;
1786523478.991283365,0, 1170, 2619, 620.13, 66, Not Active, Active, Not Active;1, 1305, 2619, 87.06, 31, Not Active, Not Active, Not Active;2, 1305, 2619, 90.11, 32, Not Active, Not Active, Not Active;3, 1305, 2619, 89.39, 30, Not Active, Not Active, Not Active;
1786523479.281658794,0, 1245, 2619, 701.18, 64, Not Active, Active, Not Active;1, 1305, 2619, 90.63, 31, Not Active, Not Active, Not Active;2, 1305, 2619, 91.77, 32, Not Active, Not Active, Not Active;3, 1305, 2619, 90.49, 30, Not Active, Not Active, Not Active;
1786523479.562029609,0, 1275, 2619, 703.88, 66, Not Active, Active, Not Active;1, 1305, 2619, 97.70, 31, Not Active, Not Active, Not Active;2, 1305, 2619, 100.68, 32, Not Active, Not Active, Not Active;3, 1305, 2619, 99.40, 30, Not Active, Not Active, Not Active;
1786523479.971558817,0, 1305, 2619, 569.66, 66, Not Active, Not Active, Not Active;1, 1305, 2619, 95.06, 30, Not Active, Not Active, Not Active;2, 1305, 2619, 94.60, 32, Not Active, Not Active, Not Active;3, 1305, 2619, 93.60, 30, Not Active, Not Active, Not Active;
1786523480.606652762,0, 1305, 2619, 576.09, 67, Not Active, Not Active, Not Active;1, 1305, 2619, 90.39, 31, Not Active, Not Active, Not Active;2, 1305, 2619, 91.82, 32, Not Active, Not Active, Not Active;3, 1305, 2619, 89.89, 30, Not Active, Not Active, Not Active;
1786523480.902458118,0, 1215, 2619, 655.43, 64, Not Active, Active, Not Active;1, 1305, 2619, 90.33, 31, Not Active, Not Active, Not Active;2, 1305, 2619, 92.37, 32, Not Active, Not Active, Not Active;3, 1305, 2619, 91.46, 30, Not Active, Not Active, Not Active;
1786523481.230956207,0, 1290, 2619, 703.06, 66, Not Active, Active, Not Active;1, 1305, 2619, 95.79, 31, Not Active, Not Active, Not Active;2, 1305, 2619, 98.48, 32, Not Active, Not Active, Not Active;3, 1305, 2619, 97.49, 30, Not Active, Not Active, Not Active;
1786523481.531200820,0, 1305, 2619, 592.73, 53, Not Active, Not Active, Not Active;1, 1305, 2619, 102.04, 31, Not Active, Not Active, Not Active;2, 1305, 2619, 104.64, 32, Not Active, Not Active, Not Active;3, 1305, 2619, 101.61, 30, Not Active, Not Active, Not Active;
1786523481.829087007,0, 1305, 2619, 529.83, 63, Not Active, Not Active, Not Active;1, 1305, 2619, 100.36, 30, Not Active, Not Active, Not Active;2, 1305, 2619, 99.90, 32, Not Active, Not Active, Not Active;3, 1305, 2619, 97.73, 30, Not Active, Not Active, Not Active;
1786523482.116888752,0, 1305, 2619, 552.90, 66, Not Active, Not Active, Not Active;1, 1305, 2619, 94.84, 30, Not Active, Not Active, Not Active;2, 1305, 2619, 96.63, 32, Not Active, Not Active, Not Active;3, 1305, 2619, 91.67, 30, Not Active, Not Active, Not Active;
1786523482.391119088,0, 1170, 2619, 573.56, 67, Not Active, Active, Not Active;1, 1305, 2619, 91.07, 31, Not Active, Not Active, Not Active;2, 1305, 2619, 92.78, 32, Not Active, Not Active, Not Active;3, 1305, 2619, 88.86, 30, Not Active, Not Active, Not Active;
1786523482.818681785,0, 1275, 2619, 703.24, 66, Not Active, Active, Not Active;1, 1305, 2619, 93.62, 31, Not Active, Not Active, Not Active;2, 1305, 2619, 95.21, 32, Not Active, Not Active, Not Active;3, 1305, 2619, 92.38, 30, Not Active, Not Active, Not Active;
1786523483.220139736,0, 1305, 2619, 526.98, 52, Not Active, Not Active, Not Active;1, 1305, 2619, 98.50, 31, Not Active, Not Active, Not Active;2, 1305, 2619, 100.60, 32, Not Active, Not Active, Not Active;3, 1305, 2619, 96.79, 30, Not Active, Not Active, Not Active;
1786523483.720284381,0, 1305, 2619, 351.51, 57, Not Active, Not Active, Not Active;1, 1305, 2619, 95.93, 31, Not Active, Not Active, Not Active;2, 1305, 2619, 98.00, 32, Not Active, Not Active, Not Active;3, 1305, 2619, 94.18, 30, Not Active, Not Active, Not Active;
1786523484.050050654,0, 1305, 2619, 360.07, 64, Not Active, Not Active, Not Active;1, 1305, 2619, 92.16, 30, Not Active, Not Active, Not Active;2, 1305, 2619, 91.92, 32, Not Active, Not Active, Not Active;3, 1305, 2619, 88.72, 30, Not Active, Not Active, Not Active;
1786523484.329050292,0, 1305, 2619, 491.14, 66, Not Active, Not Active, Not Active;1, 1305, 2619, 88.92, 30, Not Active, Not Active, Not Active;2, 1305, 2619, 89.77, 32, Not Active, Not Active, Not Active;3, 1305, 2619, 87.86, 30, Not Active, Not Active, Not Active;
1786523484.623224720,0, 1125, 2619, 616.73, 63, Not Active, Active, Not Active;1, 1305, 2619, 88.05, 31, Not Active, Not Active, Not Active;2, 1305, 2619, 90.98, 32, Not Active, Not Active, Not Active;3, 1305, 2619, 88.53, 30, Not Active, Not Active, Not Active;
1786523484.905838509,0, 1275, 2619, 714.15, 66, Not Active, Active, Not Active;1, 1305, 2619, 92.92, 31, Not Active, Not Active, Not Active;2, 1305, 2619, 96.85, 32, Not Active, Not Active, Not Active;3, 1305, 2619, 93.31, 30, Not Active, Not Active, Not Active;
1786523485.201936525,0, 1305, 2619, 674.86, 58, Not Active, Not Active, Not Active;1, 1305, 2619, 99.54, 31, Not Active, Not Active, Not Active;2, 1305, 2619, 102.65, 32, Not Active, Not Active, Not Active;3, 1305, 2619, 97.13, 30, Not Active, Not Active, Not Active;
1786523485.522629042,0, 1305, 2619, 501.60, 62, Not Active, Not Active, Not Active;1, 1305, 2619, 99.67, 31, Not Active, Not Active, Not Active;2, 1305, 2619, 101.97, 32, Not Active, Not Active, Not Active;3, 1305, 2619, 96.92, 30, Not Active, Not Active, Not Active;
1786523486.014281118,0, 1260, 2619, 556.94, 67, Not Active, Active, Not Active;1, 1305, 2619, 90.31, 31, Not Active, Not Active, Not Active;2, 1305, 2619, 94.08, 32, Not Active, Not Active, Not Active;3, 1305, 2619, 89.86, 30, Not Active, Not Active, Not Active;
1786523486.676059599,0, 1275, 2619, 702.33, 66, Not Active, Active, Not Active;1, 1305, 2619, 100.07, 31, Not Active, Not Active, Not Active;2, 1305, 2619, 100.17, 32, Not Active, Not Active, Not Active;3, 1305, 2619, 98.78, 30, Not Active, Not Active, Not Active;
1786523487.083966022,0, 1305, 2619, 632.98, 56, Not Active, Not Active, Not Active;1, 1305, 2619, 106.51, 31, Not Active, Not Active, Not Active;2, 1305, 2619, 110.79, 32, Not Active, Not Active, Not Active;3, 1305, 2619, 104.67, 30, Not Active, Not Active, Not Active;
1786523487.408268338,0, 1305, 2619, 524.79, 63, Not Active, Not Active, Not Active;1, 1305, 2619, 109.56, 31, Not Active, Not Active, Not Active;2, 1305, 2619, 107.09, 32, Not Active, Not Active, Not Active;3, 1305, 2619, 107.03, 30, Not Active, Not Active, Not Active;
1786523487.717364774,0, 1305, 2619, 566.95, 65, Not Active, Not Active, Not Active;1, 1305, 2619, 100.14, 30, Not Active, Not Active, Not Active;2, 1305, 2619, 98.20, 32, Not Active, Not Active, Not Active;3, 1305, 2619, 98.97, 30, Not Active, Not Active, Not Active;
1786523488.001659834,0, 1305, 2619, 557.51, 65, Not Active, Active, Not Active;1, 1305, 2619, 92.76, 31, Not Active, Not Active, Not Active;2, 1305, 2619, 94.31, 32, Not Active, Not Active, Not Active;3, 1305, 2619, 91.46, 30, Not Active, Not Active, Not Active;
1786523488.282096563,0, 1170, 2619, 706.70, 64, Not Active, Active, Not Active;1, 1305, 2619, 92.47, 31, Not Active, Not Active, Not Active;2, 1305, 2619, 96.62, 32, Not Active, Not Active, Not Active;3, 1305, 2619, 96.23, 30, Not Active, Not Active, Not Active;
1786523488.641360680,0, 1275, 2619, 698.37, 66, Not Active, Active, Not Active;1, 1305, 2619, 102.79, 31, Not Active, Not Active, Not Active;2, 1305, 2619, 108.06, 32, Not Active, Not Active, Not Active;3, 1305, 2619, 110.25, 30, Not Active, Not Active, Not Active;
1786523489.069783803,0, 1305, 2619, 541.20, 64, Not Active, Not Active, Not Active;1, 1305, 2619, 105.52, 30, Not Active, Not Active, Not Active;2, 1305, 2619, 107.18, 32, Not Active, Not Active, Not Active;3, 1305, 2619, 105.99, 30, Not Active, Not Active, Not Active;
1786523489.548441646,0, 1305, 2619, 561.07, 66, Not Active, Active, Not Active;1, 1305, 2619, 98.35, 30, Not Active, Not Active, Not Active;2, 1305, 2619, 97.81, 32, Not Active, Not Active, Not Active;3, 1305, 2619, 100.04, 30, Not Active, Not Active, Not Active;
1786523489.818961356,0, 1170, 2619, 619.85, 67, Not Active, Active, Not Active;1, 1305, 2619, 94.14, 31, Not Active, Not Active, Not Active;2, 1305, 2619, 94.36, 32, Not Active, Not Active, Not Active;3, 1305, 2619, 92.86, 30, Not Active, Not Active, Not Active;
1786523490.183964749,0, 1260, 2619, 698.36, 66, Not Active, Active, Not Active;1, 1305, 2619, 96.94, 31, Not Active, Not Active, Not Active;2, 1305, 2619, 99.69, 32, Not Active, Not Active, Not Active;3, 1305, 2619, 98.68, 30, Not Active, Not Active, Not Active;
1786523490.468588985,0, 1275, 2619, 698.23, 67, Not Active, Active, Not Active;1, 1305, 2619, 109.19, 31, Not Active, Not Active, Not Active;2, 1305, 2619, 109.41, 32, Not Active, Not Active, Not Active;3, 1305, 2619, 108.45, 30, Not Active, Not Active, Not Active;
1786523490.761923864,0, 1305, 2619, 509.84, 52, Not Active, Not Active, Not Active;1, 1305, 2619, 112.93, 31, Not Active, Not Active, Not Active;2, 1305, 2619, 117.57, 32, Not Active, Not Active, Not Active;3, 1305, 2619, 113.34, 30, Not Active, Not Active, Not Active;
1786523491.081904169,0, 1305, 2619, 508.86, 63, Not Active, Not Active, Not Active;1, 1305, 2619, 104.88, 30, Not Active, Not Active, Not Active;2, 1305, 2619, 112.29, 32, Not Active, Not Active, Not Active;3, 1305, 2619, 104.48, 30, Not Active, Not Active, Not Active;
1786523491.382998296,0, 1305, 2619, 496.11, 65, Not Active, Active, Not Active;1, 1305, 2619, 94.06, 30, Not Active, Not Active, Not Active;2, 1305, 2619, 97.87, 32, Not Active, Not Active, Not Active;3, 1305, 2619, 92.45, 30, Not Active, Not Active, Not Active;
1786523491.731004901,0, 1260, 2619, 704.83, 65, Not Active, Active, Not Active;1, 1305, 2619, 94.37, 31, Not Active, Not Active, Not Active;2, 1305, 2619, 98.53, 32, Not Active, Not Active, Not Active;3, 1305, 2619, 97.12, 30, Not Active, Not Active, Not Active;
1786523492.331405853,0, 1305, 2619, 695.83, 64, Not Active, Active, Not Active;1, 1305, 2619, 105.03, 31, Not Active, Not Active, Not Active;2, 1305, 2619, 106.05, 32, Not Active, Not Active, Not Active;3, 1305, 2619, 103.33, 30, Not Active, Not Active, Not Active;
1786523492.613316327,0, 1305, 2619, 677.28, 67, Not Active, Active, Not Active;1, 1305, 2619, 105.07, 30, Not Active, Not Active, Not Active;2, 1305, 2619, 105.97, 32, Not Active, Not Active, Not Active;3, 1305, 2619, 103.23, 30, Not Active, Not Active, Not Active;
1786523492.889025676,0, 1215, 2619, 683.65, 66, Not Active, Active, Not Active;1, 1305, 2619, 95.88, 30, Not Active, Not Active, Not Active;2, 1305, 2619, 98.89, 32, Not Active, Not Active, Not Active;3, 1305, 2619, 96.03, 30, Not Active, Not Active, Not Active;
1786523493.163352105,0, 1305, 2619, 632.79, 55, Not Active, Not Active, Not Active;1, 1305, 2619, 88.14, 30, Not Active, Not Active, Not Active;2, 1305, 2619, 88.82, 32, Not Active, Not Active, Not Active;3, 1305, 2619, 82.08, 30, Not Active, Not Active, Not Active;
1786523493.565666862,0, 1305, 2619, 453.49, 50, Not Active, Not Active, Not Active;1, 1305, 2619, 83.25, 30, Not Active, Not Active, Not Active;2, 1305, 2619, 84.50, 32, Not Active, Not Active, Not Active;3, 1305, 2619, 81.63, 30, Not Active, Not Active, Not Active;
1786523494.100361093,0, 1305, 2619, 93.94, 45, Not Active, Not Active, Not Active;1, 1305, 2619, 82.25, 30, Not Active, Not Active, Not Active;2, 1305, 2619, 84.54, 31, Not Active, Not Active, Not Active;3, 1305, 2619, 81.56, 29, Not Active, Not Active, Not Active;
1786523494.736314931,0, 1305, 2619, 91.79, 44, Not Active, Not Active, Not Active;1, 1305, 2619, 82.36, 30, Not Active, Not Active, Not Active;2, 1305, 2619, 84.54, 31, Not Active, Not Active, Not Active;3, 1305, 2619, 81.59, 29, Not Active, Not Active, Not Active;
1786523495.586701872,0, 1305, 2619, 90.89, 43, Not Active, Not Active, Not Active;1, 1305, 2619, 82.61, 30, Not Active, Not Active, Not Active;2, 1305, 2619, 84.52, 31, Not Active, Not Active, Not Active;3, 1305, 2619, 81.67, 29, Not Active, Not Active, Not Active;
1786523495.921563712,0, 1305, 2619, 90.57, 42, Not Active, Not Active, Not Active;1, 1305, 2619, 82.63, 30, Not Active, Not Active, Not Active;2, 1305, 2619, 84.52, 31, Not Active, Not Active, Not Active;3, 1305, 2619, 81.64, 29, Not Active, Not Active, Not Active;
1786523496.256869576,0, 1305, 2619, 90.35, 42, Not Active, Not Active, Not Active;1, 1305, 2619, 82.50, 30, Not Active, Not Active, Not Active;2, 1305, 2619, 84.51, 31, Not Active, Not Active, Not Active;3, 1305, 2619, 81.61, 29, Not Active, Not Active, Not Active;
1786523496.686019614,0, 1305, 2619, 90.08, 42, Not Active, Not Active, Not Active;1, 1305, 2619, 82.18, 30, Not Active, Not Active, Not Active;2, 1305, 2619, 84.46, 31, Not Active, Not Active, Not Active;3, 1305, 2619, 81.57, 29, Not Active, Not Active, Not Active;
1786523497.079044901,0, 1305, 2619, 125.81, 43, Not Active, Not Active, Not Active;1, 1305, 2619, 83.22, 30, Not Active, Not Active, Not Active;2, 1305, 2619, 86.58, 31, Not Active, Not Active, Not Active;3, 1305, 2619, 82.57, 29, Not Active, Not Active, Not Active;
1786523497.360638838,0, 1305, 2619, 128.80, 43, Not Active, Not Active, Not Active;1, 1305, 2619, 84.62, 30, Not Active, Not Active, Not Active;2, 1305, 2619, 87.53, 31, Not Active, Not Active, Not Active;3, 1305, 2619, 84.20, 29, Not Active, Not Active, Not Active;
1786523497.681976094,0, 1305, 2619, 184.96, 42, Not Active, Not Active, Not Active;1, 1305, 2619, 85.92, 30, Not Active, Not Active, Not Active;2, 1305, 2619, 89.08, 31, Not Active, Not Active, Not Active;3, 1305, 2619, 85.75, 29, Not Active, Not Active, Not Active;
1786523498.020275259,0, 1305, 2619, 185.63, 42, Not Active, Not Active, Not Active;1, 1305, 2619, 86.29, 30, Not Active, Not Active, Not Active;2, 1305, 2619, 87.21, 31, Not Active, Not Active, Not Active;3, 1305, 2619, 84.39, 29, Not Active, Not Active, Not Active;
1786523498.639366937,0, 1305, 2619, 142.70, 41, Not Active, Not Active, Not Active;1, 1305, 2619, 84.89, 30, Not Active, Not Active, Not Active;2, 1305, 2619, 86.02, 31, Not Active, Not Active, Not Active;3, 1305, 2619, 82.72, 29, Not Active, Not Active, Not Active;
1786523499.177737462,0, 1305, 2619, 89.60, 40, Not Active, Not Active, Not Active;1, 1305, 2619, 82.53, 30, Not Active, Not Active, Not Active;2, 1305, 2619, 84.37, 31, Not Active, Not Active, Not Active;3, 1305, 2619, 81.49, 29, Not Active, Not Active, Not Active;
1786523499.768270710,0, 1305, 2619, 89.43, 40, Not Active, Not Active, Not Active;1, 1305, 2619, 82.45, 30, Not Active, Not Active, Not Active;2, 1305, 2619, 84.35, 31, Not Active, Not Active, Not Active;3, 1305, 2619, 81.42, 29, Not Active, Not Active, Not Active;
1786523500.195423825,0, 1305, 2619, 89.29, 40, Not Active, Not Active, Not Active;1, 1305, 2619, 82.29, 30, Not Active, Not Active, Not Active;2, 1305, 2619, 84.45, 31, Not Active, Not Active, Not Active;3, 1305, 2619, 81.43, 29, Not Active, Not Active, Not Active;
1786523500.573532325,0, 1305, 2619, 89.10, 40, Not Active, Not Active, Not Active;1, 1305, 2619, 82.12, 30, Not Active, Not Active, Not Active;2, 1305, 2619, 84.45, 31, Not Active, Not Active, Not Active;3, 1305, 2619, 81.49, 29, Not Active, Not Active, Not Active;
1786523501.063624094,0, 1305, 2619, 88.85, 39, Not Active, Not Active, Not Active;1, 1305, 2619, 82.16, 30, Not Active, Not Active, Not Active;2, 1305, 2619, 84.55, 31, Not Active, Not Active, Not Active;3, 1305, 2619, 81.52, 29, Not Active, Not Active, Not Active;
1786523501.697789870,0, 1305, 2619, 88.79, 39, Not Active, Not Active, Not Active;1, 1305, 2619, 82.22, 30, Not Active, Not Active, Not Active;2, 1305, 2619, 84.46, 31, Not Active, Not Active, Not Active;3, 1305, 2619, 81.62, 29, Not Active, Not Active, Not Active;
1786523502.037745253,0, 1305, 2619, 98.99, 45, Not Active, Not Active, Not Active;1, 1305, 2619, 82.61, 30, Not Active, Not Active, Not Active;2, 1305, 2619, 84.88, 31, Not Active, Not Active, Not Active;3, 1305, 2619, 82.18, 29, Not Active, Not Active, Not Active;
1786523502.350893482,0, 1305, 2619, 205.26, 49, Not Active, Not Active, Not Active;1, 1305, 2619, 82.60, 30, Not Active, Not Active, Not Active;2, 1305, 2619, 84.78, 31, Not Active, Not Active, Not Active;3, 1305, 2619, 82.22, 29, Not Active, Not Active, Not Active;
1786523502.663427875,0, 1305, 2619, 399.36, 56, Not Active, Not Active, Not Active;1, 1305, 2619, 85.64, 31, Not Active, Not Active, Not Active;2, 1305, 2619, 87.24, 32, Not Active, Not Active, Not Active;3, 1305, 2619, 85.63, 30, Not Active, Not Active, Not Active;
1786523502.976256777,0, 1305, 2619, 554.45, 58, Not Active, Not Active, Not Active;1, 1305, 2619, 89.83, 31, Not Active, Not Active, Not Active;2, 1305, 2619, 91.18, 32, Not Active, Not Active, Not Active;3, 1305, 2619, 89.36, 30, Not Active, Not Active, Not Active;
1786523503.293172940,0, 1305, 2619, 591.26, 55, Not Active, Not Active, Not Active;1, 1305, 2619, 92.50, 30, Not Active, Not Active, Not Active;2, 1305, 2619, 94.00, 31, Not Active, Not Active, Not Active;3, 1305, 2619, 92.00, 30, Not Active, Not Active, Not Active;
1786523503.629140085,0, 1305, 2619, 588.15, 55, Not Active, Not Active, Not Active;1, 1305, 2619, 89.56, 30, Not Active, Not Active, Not Active;2, 1305, 2619, 91.23, 32, Not Active, Not Active, Not Active;3, 1305, 2619, 89.42, 30, Not Active, Not Active, Not Active;
1786523503.982376470,0, 1305, 2619, 602.28, 62, Not Active, Not Active, Not Active;1, 1305, 2619, 90.19, 31, Not Active, Not Active, Not Active;2, 1305, 2619, 91.90, 32, Not Active, Not Active, Not Active;3, 1305, 2619, 89.55, 30, Not Active, Not Active, Not Active;
1786523504.457296892,0, 1305, 2619, 600.18, 57, Not Active, Not Active, Not Active;1, 1305, 2619, 92.34, 30, Not Active, Not Active, Not Active;2, 1305, 2619, 93.90, 32, Not Active, Not Active, Not Active;3, 1305, 2619, 90.89, 30, Not Active, Not Active, Not Active;
1786523504.801940667,0, 1305, 2619, 595.33, 56, Not Active, Not Active, Not Active;1, 1305, 2619, 91.12, 30, Not Active, Not Active, Not Active;2, 1305, 2619, 92.54, 32, Not Active, Not Active, Not Active;3, 1305, 2619, 88.92, 30, Not Active, Not Active, Not Active;
1786523505.086352304,0, 1305, 2619, 556.98, 61, Not Active, Not Active, Not Active;1, 1305, 2619, 90.34, 31, Not Active, Not Active, Not Active;2, 1305, 2619, 91.96, 32, Not Active, Not Active, Not Active;3, 1305, 2619, 88.86, 30, Not Active, Not Active, Not Active;
1786523505.376056510,0, 1305, 2619, 597.72, 62, Not Active, Not Active, Not Active;1, 1305, 2619, 90.38, 31, Not Active, Not Active, Not Active;2, 1305, 2619, 93.40, 32, Not Active, Not Active, Not Active;3, 1305, 2619, 89.57, 30, Not Active, Not Active, Not Active;
1786523505.703765940,0, 1305, 2619, 569.28, 55, Not Active, Not Active, Not Active;1, 1305, 2619, 93.01, 30, Not Active, Not Active, Not Active;2, 1305, 2619, 93.76, 32, Not Active, Not Active, Not Active;3, 1305, 2619, 90.22, 30, Not Active, Not Active, Not Active;
1786523506.031895538,0, 1305, 2619, 516.32, 54, Not Active, Not Active, Not Active;1, 1305, 2619, 90.51, 30, Not Active, Not Active, Not Active;2, 1305, 2619, 91.14, 32, Not Active, Not Active, Not Active;3, 1305, 2619, 87.10, 30, Not Active, Not Active, Not Active;
1786523506.370200332,0, 1305, 2619, 414.82, 53, Not Active, Not Active, Not Active;1, 1305, 2619, 83.69, 30, Not Active, Not Active, Not Active;2, 1305, 2619, 86.91, 32, Not Active, Not Active, Not Active;3, 1305, 2619, 82.90, 30, Not Active, Not Active, Not Active;
1786523506.794369672,0, 1305, 2619, 421.50, 57, Not Active, Not Active, Not Active;1, 1305, 2619, 89.58, 31, Not Active, Not Active, Not Active;2, 1305, 2619, 93.56, 32, Not Active, Not Active, Not Active;3, 1305, 2619, 90.48, 30, Not Active, Not Active, Not Active;
1786523507.420242608,0, 1305, 2619, 405.51, 51, Not Active, Not Active, Not Active;1, 1305, 2619, 92.86, 30, Not Active, Not Active, Not Active;2, 1305, 2619, 94.83, 32, Not Active, Not Active, Not Active;3, 1305, 2619, 89.73, 30, Not Active, Not Active, Not Active;
1786523507.702549930,0, 1305, 2619, 364.45, 49, Not Active, Not Active, Not Active;1, 1305, 2619, 90.22, 30, Not Active, Not Active, Not Active;2, 1305, 2619, 92.78, 32, Not Active, Not Active, Not Active;3, 1305, 2619, 88.04, 30, Not Active, Not Active, Not Active;
1786523507.991677337,0, 1305, 2619, 308.51, 49, Not Active, Not Active, Not Active;1, 1305, 2619, 87.09, 30, Not Active, Not Active, Not Active;2, 1305, 2619, 88.39, 32, Not Active, Not Active, Not Active;3, 1305, 2619, 84.20, 30, Not Active, Not Active, Not Active;
1786523508.276537127,0, 1305, 2619, 279.71, 48, Not Active, Not Active, Not Active;1, 1305, 2619, 83.48, 30, Not Active, Not Active, Not Active;2, 1305, 2619, 85.65, 32, Not Active, Not Active, Not Active;3, 1305, 2619, 81.61, 30, Not Active, Not Active, Not Active;
1786523508.561943758,0, 1305, 2619, 279.02, 48, Not Active, Not Active, Not Active;1, 1305, 2619, 82.42, 30, Not Active, Not Active, Not Active;2, 1305, 2619, 84.52, 32, Not Active, Not Active, Not Active;3, 1305, 2619, 81.55, 30, Not Active, Not Active, Not Active;
1786523508.870437113,0, 1305, 2619, 279.08, 48, Not Active, Not Active, Not Active;1, 1305, 2619, 82.53, 30, Not Active, Not Active, Not Active;2, 1305, 2619, 84.52, 32, Not Active, Not Active, Not Active;3, 1305, 2619, 81.52, 30, Not Active, Not Active, Not Active;
1786523509.152657130,0, 1305, 2619, 275.01, 48, Not Active, Not Active, Not Active;1, 1305, 2619, 83.50, 31, Not Active, Not Active, Not Active;2, 1305, 2619, 85.28, 32, Not Active, Not Active, Not Active;3, 1305, 2619, 82.79, 30, Not Active, Not Active, Not Active;
1786523509.493485351,0, 1305, 2619, 291.26, 50, Not Active, Not Active, Not Active;1, 1305, 2619, 86.98, 31, Not Active, Not Active, Not Active;2, 1305, 2619, 89.78, 32, Not Active, Not Active, Not Active;3, 1305, 2619, 87.77, 30, Not Active, Not Active, Not Active;
1786523509.865294659,0, 1305, 2619, 287.54, 47, Not Active, Not Active, Not Active;1, 1305, 2619, 91.59, 30, Not Active, Not Active, Not Active;2, 1305, 2619, 93.30, 32, Not Active, Not Active, Not Active;3, 1305, 2619, 91.32, 30, Not Active, Not Active, Not Active;
1786523510.389803358,0, 1305, 2619, 284.79, 47, Not Active, Not Active, Not Active;1, 1305, 2619, 88.78, 30, Not Active, Not Active, Not Active;2, 1305, 2619, 89.69, 32, Not Active, Not Active, Not Active;3, 1305, 2619, 88.18, 30, Not Active, Not Active, Not Active;
1786523510.704082841,0, 1305, 2619, 268.61, 47, Not Active, Not Active, Not Active;1, 1305, 2619, 84.80, 30, Not Active, Not Active, Not Active;2, 1305, 2619, 87.15, 32, Not Active, Not Active, Not Active;3, 1305, 2619, 83.86, 30, Not Active, Not Active, Not Active;
1786523510.979901245,0, 1305, 2619, 268.66, 47, Not Active, Not Active, Not Active;1, 1305, 2619, 82.15, 30, Not Active, Not Active, Not Active;2, 1305, 2619, 84.58, 32, Not Active, Not Active, Not Active;3, 1305, 2619, 81.62, 30, Not Active, Not Active, Not Active;
1786523511.280744739,0, 1305, 2619, 273.86, 47, Not Active, Not Active, Not Active;1, 1305, 2619, 82.22, 30, Not Active, Not Active, Not Active;2, 1305, 2619, 84.61, 32, Not Active, Not Active, Not Active;3, 1305, 2619, 81.61, 30, Not Active, Not Active, Not Active;
1786523511.575693876,0, 1305, 2619, 274.00, 47, Not Active, Not Active, Not Active;1, 1305, 2619, 82.32, 30, Not Active, Not Active, Not Active;2, 1305, 2619, 84.55, 32, Not Active, Not Active, Not Active;3, 1305, 2619, 81.61, 30, Not Active, Not Active, Not Active;
1786523511.858915176,0, 1305, 2619, 273.53, 47, Not Active, Not Active, Not Active;1, 1305, 2619, 82.49, 30, Not Active, Not Active, Not Active;2, 1305, 2619, 84.58, 32, Not Active, Not Active, Not Active;3, 1305, 2619, 81.61, 30, Not Active, Not Active, Not Active;
1786523512.157697021,0, 1305, 2619, 272.86, 47, Not Active, Not Active, Not Active;1, 1305, 2619, 82.59, 30, Not Active, Not Active, Not Active;2, 1305, 2619, 84.49, 32, Not Active, Not Active, Not Active;3, 1305, 2619, 81.55, 30, Not Active, Not Active, Not Active;
1786523512.532794761,0, 1305, 2619, 271.93, 46, Not Active, Not Active, Not Active;1, 1305, 2619, 82.58, 30, Not Active, Not Active, Not Active;2, 1305, 2619, 84.49, 32, Not Active, Not Active, Not Active;3, 1305, 2619, 81.55, 30, Not Active, Not Active, Not Active;
1786523513.093914016,0, 1305, 2619, 271.47, 46, Not Active, Not Active, Not Active;1, 1305, 2619, 82.51, 30, Not Active, Not Active, Not Active;2, 1305, 2619, 84.48, 32, Not Active, Not Active, Not Active;3, 1305, 2619, 81.58, 30, Not Active, Not Active, Not Active;
1786523513.365932946,0, 1305, 2619, 270.86, 46, Not Active, Not Active, Not Active;1, 1305, 2619, 82.35, 30, Not Active, Not Active, Not Active;2, 1305, 2619, 84.49, 32, Not Active, Not Active, Not Active;3, 1305, 2619, 81.62, 30, Not Active, Not Active, Not Active;
1786523513.656532479,0, 1305, 2619, 270.36, 46, Not Active, Not Active, Not Active;1, 1305, 2619, 82.19, 30, Not Active, Not Active, Not Active;2, 1305, 2619, 84.45, 32, Not Active, Not Active, Not Active;3, 1305, 2619, 81.61, 30, Not Active, Not Active, Not Active;
1786523513.948866582,0, 1305, 2619, 270.68, 47, Not Active, Not Active, Not Active;1, 1305, 2619, 84.71, 31, Not Active, Not Active, Not Active;2, 1305, 2619, 86.79, 32, Not Active, Not Active, Not Active;3, 1305, 2619, 83.80, 30, Not Active, Not Active, Not Active;
1786523514.259678491,0, 1305, 2619, 284.55, 48, Not Active, Not Active, Not Active;1, 1305, 2619, 88.59, 31, Not Active, Not Active, Not Active;2, 1305, 2619, 90.05, 32, Not Active, Not Active, Not Active;3, 1305, 2619, 87.15, 30, Not Active, Not Active, Not Active;
1786523514.551951481,0, 1305, 2619, 291.44, 48, Not Active, Not Active, Not Active;1, 1305, 2619, 91.53, 31, Not Active, Not Active, Not Active;2, 1305, 2619, 94.37, 32, Not Active, Not Active, Not Active;3, 1305, 2619, 90.38, 30, Not Active, Not Active, Not Active;
1786523514.857921100,0, 1305, 2619, 270.97, 49, Not Active, Not Active, Not Active;1, 1305, 2619, 91.69, 30, Not Active, Not Active, Not Active;2, 1305, 2619, 92.10, 32, Not Active, Not Active, Not Active;3, 1305, 2619, 89.12, 30, Not Active, Not Active, Not Active;
1786523515.284490993,0, 1305, 2619, 490.51, 59, Not Active, Not Active, Not Active;1, 1305, 2619, 86.47, 31, Not Active, Not Active, Not Active;2, 1305, 2619, 88.42, 32, Not Active, Not Active, Not Active;3, 1305, 2619, 85.68, 30, Not Active, Not Active, Not Active;
1786523515.889389192,0, 1305, 2619, 634.32, 62, Not Active, Not Active, Not Active;1, 1305, 2619, 89.95, 31, Not Active, Not Active, Not Active;2, 1305, 2619, 91.24, 32, Not Active, Not Active, Not Active;3, 1305, 2619, 88.30, 30, Not Active, Not Active, Not Active;
1786523516.200072164,0, 1305, 2619, 623.89, 54, Not Active, Not Active, Not Active;1, 1305, 2619, 93.29, 31, Not Active, Not Active, Not Active;2, 1305, 2619, 96.65, 32, Not Active, Not Active, Not Active;3, 1305, 2619, 91.93, 30, Not Active, Not Active, Not Active;
1786523516.583738488,0, 1305, 2619, 563.08, 56, Not Active, Not Active, Not Active;1, 1305, 2619, 91.28, 31, Not Active, Not Active, Not Active;2, 1305, 2619, 92.26, 32, Not Active, Not Active, Not Active;3, 1305, 2619, 90.62, 30, Not Active, Not Active, Not Active;
1786523516.918945402,0, 1305, 2619, 514.40, 60, Not Active, Not Active, Not Active;1, 1305, 2619, 87.76, 31, Not Active, Not Active, Not Active;2, 1305, 2619, 89.33, 32, Not Active, Not Active, Not Active;3, 1305, 2619, 87.20, 30, Not Active, Not Active, Not Active;
1786523517.229175994,0, 1305, 2619, 493.17, 64, Not Active, Not Active, Not Active;1, 1305, 2619, 87.88, 31, Not Active, Not Active, Not Active;2, 1305, 2619, 90.67, 32, Not Active, Not Active, Not Active;3, 1305, 2619, 88.25, 30, Not Active, Not Active, Not Active;
1786523517.522194388,0, 1305, 2619, 596.09, 65, Not Active, Not Active, Not Active;1, 1305, 2619, 91.43, 31, Not Active, Not Active, Not Active;2, 1305, 2619, 95.13, 32, Not Active, Not Active, Not Active;3, 1305, 2619, 93.23, 30, Not Active, Not Active, Not Active;
1786523517.884493462,0, 1305, 2619, 582.72, 58, Not Active, Not Active, Not Active;1, 1305, 2619, 91.71, 31, Not Active, Not Active, Not Active;2, 1305, 2619, 94.43, 32, Not Active, Not Active, Not Active;3, 1305, 2619, 90.95, 30, Not Active, Not Active, Not Active;
1786523518.275814846,0, 1305, 2619, 526.91, 63, Not Active, Not Active, Not Active;1, 1305, 2619, 87.23, 31, Not Active, Not Active, Not Active;2, 1305, 2619, 90.12, 32, Not Active, Not Active, Not Active;3, 1305, 2619, 87.42, 30, Not Active, Not Active, Not Active;
1786523518.759548534,0, 1305, 2619, 608.10, 65, Not Active, Not Active, Not Active;1, 1305, 2619, 90.05, 31, Not Active, Not Active, Not Active;2, 1305, 2619, 91.83, 32, Not Active, Not Active, Not Active;3, 1305, 2619, 90.49, 30, Not Active, Not Active, Not Active;
1786523519.063037357,0, 1305, 2619, 595.05, 59, Not Active, Not Active, Not Active;1, 1305, 2619, 92.17, 31, Not Active, Not Active, Not Active;2, 1305, 2619, 95.02, 32, Not Active, Not Active, Not Active;3, 1305, 2619, 93.21, 30, Not Active, Not Active, Not Active;
1786523519.371993973,0, 1305, 2619, 585.77, 59, Not Active, Not Active, Not Active;1, 1305, 2619, 92.14, 31, Not Active, Not Active, Not Active;2, 1305, 2619, 93.55, 32, Not Active, Not Active, Not Active;3, 1305, 2619, 90.88, 30, Not Active, Not Active, Not Active;
1786523519.650008014,0, 1305, 2619, 505.73, 61, Not Active, Not Active, Not Active;1, 1305, 2619, 88.49, 31, Not Active, Not Active, Not Active;2, 1305, 2619, 91.15, 32, Not Active, Not Active, Not Active;3, 1305, 2619, 87.33, 30, Not Active, Not Active, Not Active;
1786523519.979831501,0, 1305, 2619, 503.61, 64, Not Active, Not Active, Not Active;1, 1305, 2619, 88.39, 31, Not Active, Not Active, Not Active;2, 1305, 2619, 90.26, 32, Not Active, Not Active, Not Active;3, 1305, 2619, 87.97, 30, Not Active, Not Active, Not Active;
1786523520.281365345,0, 1305, 2619, 591.03, 65, Not Active, Not Active, Not Active;1, 1305, 2619, 92.81, 31, Not Active, Not Active, Not Active;2, 1305, 2619, 94.47, 33, Not Active, Not Active, Not Active;3, 1305, 2619, 90.81, 31, Not Active, Not Active, Not Active;
1786523520.574327559,0, 1305, 2619, 583.69, 57, Not Active, Not Active, Not Active;1, 1305, 2619, 94.14, 31, Not Active, Not Active, Not Active;2, 1305, 2619, 94.91, 32, Not Active, Not Active, Not Active;3, 1305, 2619, 91.50, 30, Not Active, Not Active, Not Active;
1786523520.929407783,0, 1305, 2619, 400.30, 55, Not Active, Not Active, Not Active;1, 1305, 2619, 85.07, 31, Not Active, Not Active, Not Active;2, 1305, 2619, 87.07, 32, Not Active, Not Active, Not Active;3, 1305, 2619, 82.89, 30, Not Active, Not Active, Not Active;
1786523521.600076591,0, 1305, 2619, 382.34, 58, Not Active, Not Active, Not Active;1, 1305, 2619, 85.05, 31, Not Active, Not Active, Not Active;2, 1305, 2619, 87.09, 32, Not Active, Not Active, Not Active;3, 1305, 2619, 84.14, 30, Not Active, Not Active, Not Active;
1786523521.988811264,0, 1305, 2619, 407.94, 59, Not Active, Not Active, Not Active;1, 1305, 2619, 88.87, 31, Not Active, Not Active, Not Active;2, 1305, 2619, 92.57, 33, Not Active, Not Active, Not Active;3, 1305, 2619, 89.79, 31, Not Active, Not Active, Not Active;
1786523522.359256733,0, 1305, 2619, 379.96, 51, Not Active, Not Active, Not Active;1, 1305, 2619, 92.55, 31, Not Active, Not Active, Not Active;2, 1305, 2619, 94.18, 32, Not Active, Not Active, Not Active;3, 1305, 2619, 90.02, 30, Not Active, Not Active, Not Active;
1786523522.866758487,0, 1305, 2619, 295.40, 51, Not Active, Not Active, Not Active;1, 1305, 2619, 86.57, 31, Not Active, Not Active, Not Active;2, 1305, 2619, 87.06, 32, Not Active, Not Active, Not Active;3, 1305, 2619, 85.57, 30, Not Active, Not Active, Not Active;
1786523523.317042172,0, 1305, 2619, 268.52, 50, Not Active, Not Active, Not Active;1, 1305, 2619, 82.42, 31, Not Active, Not Active, Not Active;2, 1305, 2619, 84.34, 32, Not Active, Not Active, Not Active;3, 1305, 2619, 81.64, 30, Not Active, Not Active, Not Active;
1786523523.830442108,0, 1305, 2619, 285.13, 50, Not Active, Not Active, Not Active;1, 1305, 2619, 82.19, 31, Not Active, Not Active, Not Active;2, 1305, 2619, 84.39, 32, Not Active, Not Active, Not Active;3, 1305, 2619, 81.78, 30, Not Active, Not Active, Not Active;
1786523524.598503659,0, 1305, 2619, 282.69, 51, Not Active, Not Active, Not Active;1, 1305, 2619, 82.93, 31, Not Active, Not Active, Not Active;2, 1305, 2619, 85.62, 33, Not Active, Not Active, Not Active;3, 1305, 2619, 84.16, 30, Not Active, Not Active, Not Active;
1786523525.049819515,0, 1305, 2619, 301.35, 52, Not Active, Not Active, Not Active;1, 1305, 2619, 87.91, 31, Not Active, Not Active, Not Active;2, 1305, 2619, 89.11, 33, Not Active, Not Active, Not Active;3, 1305, 2619, 87.30, 31, Not Active, Not Active, Not Active;
1786523525.384309699,0, 1305, 2619, 299.95, 48, Not Active, Not Active, Not Active;1, 1305, 2619, 91.65, 31, Not Active, Not Active, Not Active;2, 1305, 2619, 93.53, 32, Not Active, Not Active, Not Active;3, 1305, 2619, 91.62, 30, Not Active, Not Active, Not Active;
1786523525.928023445,0, 1305, 2619, 165.35, 45, Not Active, Not Active, Not Active;1, 1305, 2619, 86.32, 31, Not Active, Not Active, Not Active;2, 1305, 2619, 88.08, 32, Not Active, Not Active, Not Active;3, 1305, 2619, 85.08, 30, Not Active, Not Active, Not Active;
1786523526.991592287,0, 1305, 2619, 91.14, 44, Not Active, Not Active, Not Active;1, 1305, 2619, 82.27, 31, Not Active, Not Active, Not Active;2, 1305, 2619, 84.55, 32, Not Active, Not Active, Not Active;3, 1305, 2619, 81.82, 30, Not Active, Not Active, Not Active;
1786523528.055065798,0, 1305, 2619, 90.57, 43, Not Active, Not Active, Not Active;1, 1305, 2619, 82.49, 31, Not Active, Not Active, Not Active;2, 1305, 2619, 84.68, 32, Not Active, Not Active, Not Active;3, 1305, 2619, 81.62, 30, Not Active, Not Active, Not Active;
1786523529.052776195,0, 1305, 2619, 90.38, 43, Not Active, Not Active, Not Active;1, 1305, 2619, 82.61, 31, Not Active, Not Active, Not Active;2, 1305, 2619, 84.64, 32, Not Active, Not Active, Not Active;3, 1305, 2619, 81.61, 30, Not Active, Not Active, Not Active;
1786523529.946272559,0, 1305, 2619, 90.25, 42, Not Active, Not Active, Not Active;1, 1305, 2619, 82.35, 31, Not Active, Not Active, Not Active;2, 1305, 2619, 84.61, 32, Not Active, Not Active, Not Active;3, 1305, 2619, 81.58, 30, Not Active, Not Active, Not Active;
1786523530.382357474,0, 1305, 2619, 90.15, 42, Not Active, Not Active, Not Active;1, 1305, 2619, 82.29, 31, Not Active, Not Active, Not Active;2, 1305, 2619, 84.65, 32, Not Active, Not Active, Not Active;3, 1305, 2619, 81.65, 30, Not Active, Not Active, Not Active;
1786523530.700427610,0, 1305, 2619, 90.06, 42, Not Active, Not Active, Not Active;1, 1305, 2619, 82.23, 31, Not Active, Not Active, Not Active;2, 1305, 2619, 84.67, 32, Not Active, Not Active, Not Active;3, 1305, 2619, 81.67, 30, Not Active, Not Active, Not Active;
1786523531.194357949,0, 1305, 2619, 89.96, 42, Not Active, Not Active, Not Active;1, 1305, 2619, 82.49, 31, Not Active, Not Active, Not Active;2, 1305, 2619, 84.71, 32, Not Active, Not Active, Not Active;3, 1305, 2619, 81.62, 30, Not Active, Not Active, Not Active;
1786523532.004120052,0, 1305, 2619, 93.31, 46, Not Active, Not Active, Not Active;1, 1305, 2619, 82.64, 31, Not Active, Not Active, Not Active;2, 1305, 2619, 84.94, 32, Not Active, Not Active, Not Active;3, 1305, 2619, 82.69, 30, Not Active, Not Active, Not Active;
1786523532.307704048,0, 1305, 2619, 207.74, 51, Not Active, Not Active, Not Active;1, 1305, 2619, 82.73, 31, Not Active, Not Active, Not Active;2, 1305, 2619, 84.98, 32, Not Active, Not Active, Not Active;3, 1305, 2619, 82.62, 30, Not Active, Not Active, Not Active;
1786523532.616260947,0, 1305, 2619, 320.30, 59, Not Active, Not Active, Not Active;1, 1305, 2619, 84.77, 31, Not Active, Not Active, Not Active;2, 1305, 2619, 87.69, 33, Not Active, Not Active, Not Active;3, 1305, 2619, 85.43, 31, Not Active, Not Active, Not Active;
1786523532.904446033,0, 1305, 2619, 485.49, 62, Not Active, Not Active, Not Active;1, 1305, 2619, 88.96, 31, Not Active, Not Active, Not Active;2, 1305, 2619, 91.43, 33, Not Active, Not Active, Not Active;3, 1305, 2619, 88.79, 31, Not Active, Not Active, Not Active;
1786523533.216859176,0, 1305, 2619, 587.41, 57, Not Active, Not Active, Not Active;1, 1305, 2619, 91.77, 31, Not Active, Not Active, Not Active;2, 1305, 2619, 93.49, 32, Not Active, Not Active, Not Active;3, 1305, 2619, 91.15, 30, Not Active, Not Active, Not Active;
1786523533.499795313,0, 1305, 2619, 596.09, 57, Not Active, Not Active, Not Active;1, 1305, 2619, 90.80, 31, Not Active, Not Active, Not Active;2, 1305, 2619, 92.69, 32, Not Active, Not Active, Not Active;3, 1305, 2619, 89.92, 30, Not Active, Not Active, Not Active;
1786523533.776305584,0, 1305, 2619, 598.70, 62, Not Active, Not Active, Not Active;1, 1305, 2619, 90.08, 31, Not Active, Not Active, Not Active;2, 1305, 2619, 92.65, 33, Not Active, Not Active, Not Active;3, 1305, 2619, 88.89, 31, Not Active, Not Active, Not Active;
1786523534.148563651,0, 1305, 2619, 602.24, 64, Not Active, Not Active, Not Active;1, 1305, 2619, 90.12, 31, Not Active, Not Active, Not Active;2, 1305, 2619, 92.81, 33, Not Active, Not Active, Not Active;3, 1305, 2619, 89.54, 31, Not Active, Not Active, Not Active;
1786523534.490429940,0, 1305, 2619, 455.59, 53, Not Active, Not Active, Not Active;1, 1305, 2619, 89.22, 31, Not Active, Not Active, Not Active;2, 1305, 2619, 92.08, 32, Not Active, Not Active, Not Active;3, 1305, 2619, 88.54, 30, Not Active, Not Active, Not Active;
1786523535.056636739,0, 1305, 2619, 364.30, 56, Not Active, Not Active, Not Active;1, 1305, 2619, 86.15, 31, Not Active, Not Active, Not Active;2, 1305, 2619, 88.37, 32, Not Active, Not Active, Not Active;3, 1305, 2619, 84.89, 30, Not Active, Not Active, Not Active;
1786523535.350915212,0, 1305, 2619, 400.95, 62, Not Active, Not Active, Not Active;1, 1305, 2619, 84.95, 31, Not Active, Not Active, Not Active;2, 1305, 2619, 87.39, 33, Not Active, Not Active, Not Active;3, 1305, 2619, 85.07, 31, Not Active, Not Active, Not Active;
1786523535.656665831,0, 1305, 2619, 612.62, 63, Not Active, Not Active, Not Active;1, 1305, 2619, 89.34, 31, Not Active, Not Active, Not Active;2, 1305, 2619, 91.46, 33, Not Active, Not Active, Not Active;3, 1305, 2619, 88.79, 31, Not Active, Not Active, Not Active;
1786523535.978179958,0, 1305, 2619, 614.07, 58, Not Active, Not Active, Not Active;1, 1305, 2619, 91.99, 31, Not Active, Not Active, Not Active;2, 1305, 2619, 94.21, 33, Not Active, Not Active, Not Active;3, 1305, 2619, 92.06, 30, Not Active, Not Active, Not Active;
1786523536.272268746,0, 1305, 2619, 571.93, 55, Not Active, Not Active, Not Active;1, 1305, 2619, 91.16, 31, Not Active, Not Active, Not Active;2, 1305, 2619, 92.12, 32, Not Active, Not Active, Not Active;3, 1305, 2619, 88.25, 30, Not Active, Not Active, Not Active;
1786523536.660908880,0, 1305, 2619, 449.59, 54, Not Active, Not Active, Not Active;1, 1305, 2619, 86.14, 31, Not Active, Not Active, Not Active;2, 1305, 2619, 88.50, 32, Not Active, Not Active, Not Active;3, 1305, 2619, 84.26, 30, Not Active, Not Active, Not Active;
1786523537.002246320,0, 1305, 2619, 372.80, 58, Not Active, Not Active, Not Active;1, 1305, 2619, 84.66, 31, Not Active, Not Active, Not Active;2, 1305, 2619, 88.35, 33, Not Active, Not Active, Not Active;3, 1305, 2619, 85.20, 31, Not Active, Not Active, Not Active;
1786523537.558833768,0, 1305, 2619, 417.59, 57, Not Active, Not Active, Not Active;1, 1305, 2619, 92.89, 31, Not Active, Not Active, Not Active;2, 1305, 2619, 94.80, 33, Not Active, Not Active, Not Active;3, 1305, 2619, 91.59, 31, Not Active, Not Active, Not Active;
1786523537.869116150,0, 1305, 2619, 381.66, 51, Not Active, Not Active, Not Active;1, 1305, 2619, 92.02, 31, Not Active, Not Active, Not Active;2, 1305, 2619, 93.87, 33, Not Active, Not Active, Not Active;3, 1305, 2619, 90.22, 30, Not Active, Not Active, Not Active;
1786523538.157374282,0, 1305, 2619, 339.38, 51, Not Active, Not Active, Not Active;1, 1305, 2619, 88.59, 31, Not Active, Not Active, Not Active;2, 1305, 2619, 90.62, 33, Not Active, Not Active, Not Active;3, 1305, 2619, 87.15, 30, Not Active, Not Active, Not Active;
1786523538.470180079,0, 1305, 2619, 270.52, 50, Not Active, Not Active, Not Active;1, 1305, 2619, 84.98, 31, Not Active, Not Active, Not Active;2, 1305, 2619, 87.04, 33, Not Active, Not Active, Not Active;3, 1305, 2619, 83.68, 30, Not Active, Not Active, Not Active;
1786523538.749203349,0, 1305, 2619, 264.62, 50, Not Active, Not Active, Not Active;1, 1305, 2619, 82.67, 31, Not Active, Not Active, Not Active;2, 1305, 2619, 84.73, 33, Not Active, Not Active, Not Active;3, 1305, 2619, 81.70, 30, Not Active, Not Active, Not Active;
1786523539.025786385,0, 1305, 2619, 281.28, 50, Not Active, Not Active, Not Active;1, 1305, 2619, 82.72, 31, Not Active, Not Active, Not Active;2, 1305, 2619, 84.71, 33, Not Active, Not Active, Not Active;3, 1305, 2619, 81.75, 30, Not Active, Not Active, Not Active;
1786523539.302705893,0, 1305, 2619, 281.86, 50, Not Active, Not Active, Not Active;1, 1305, 2619, 82.70, 31, Not Active, Not Active, Not Active;2, 1305, 2619, 84.74, 33, Not Active, Not Active, Not Active;3, 1305, 2619, 81.78, 30, Not Active, Not Active, Not Active;
1786523539.614881949,0, 1305, 2619, 288.24, 51, Not Active, Not Active, Not Active;1, 1305, 2619, 83.88, 31, Not Active, Not Active, Not Active;2, 1305, 2619, 85.88, 33, Not Active, Not Active, Not Active;3, 1305, 2619, 83.95, 31, Not Active, Not Active, Not Active;
1786523539.990702120,0, 1305, 2619, 319.38, 52, Not Active, Not Active, Not Active;1, 1305, 2619, 91.56, 31, Not Active, Not Active, Not Active;2, 1305, 2619, 92.92, 33, Not Active, Not Active, Not Active;3, 1305, 2619, 90.64, 31, Not Active, Not Active, Not Active;
1786523540.584939603,0, 1305, 2619, 298.43, 49, Not Active, Not Active, Not Active;1, 1305, 2619, 90.66, 31, Not Active, Not Active, Not Active;2, 1305, 2619, 93.15, 33, Not Active, Not Active, Not Active;3, 1305, 2619, 90.36, 30, Not Active, Not Active, Not Active;
1786523540.861366578,0, 1305, 2619, 284.87, 49, Not Active, Not Active, Not Active;1, 1305, 2619, 87.57, 31, Not Active, Not Active, Not Active;2, 1305, 2619, 90.21, 33, Not Active, Not Active, Not Active;3, 1305, 2619, 87.33, 30, Not Active, Not Active, Not Active;
1786523541.156332682,0, 1305, 2619, 267.34, 49, Not Active, Not Active, Not Active;1, 1305, 2619, 83.73, 31, Not Active, Not Active, Not Active;2, 1305, 2619, 86.37, 33, Not Active, Not Active, Not Active;3, 1305, 2619, 82.91, 30, Not Active, Not Active, Not Active;
1786523541.444191804,0, 1305, 2619, 271.92, 48, Not Active, Not Active, Not Active;1, 1305, 2619, 82.43, 31, Not Active, Not Active, Not Active;2, 1305, 2619, 84.85, 33, Not Active, Not Active, Not Active;3, 1305, 2619, 81.74, 30, Not Active, Not Active, Not Active;
1786523541.718952299,0, 1305, 2619, 271.63, 48, Not Active, Not Active, Not Active;1, 1305, 2619, 82.54, 31, Not Active, Not Active, Not Active;2, 1305, 2619, 84.77, 32, Not Active, Not Active, Not Active;3, 1305, 2619, 81.75, 30, Not Active, Not Active, Not Active;
1786523542.018627648,0, 1305, 2619, 271.05, 48, Not Active, Not Active, Not Active;1, 1305, 2619, 82.68, 31, Not Active, Not Active, Not Active;2, 1305, 2619, 84.83, 32, Not Active, Not Active, Not Active;3, 1305, 2619, 81.83, 30, Not Active, Not Active, Not Active;
1786523542.297718141,0, 1305, 2619, 271.01, 48, Not Active, Not Active, Not Active;1, 1305, 2619, 82.77, 31, Not Active, Not Active, Not Active;2, 1305, 2619, 84.93, 32, Not Active, Not Active, Not Active;3, 1305, 2619, 81.81, 30, Not Active, Not Active, Not Active;
1786523542.696424675,0, 1305, 2619, 273.89, 48, Not Active, Not Active, Not Active;1, 1305, 2619, 82.69, 31, Not Active, Not Active, Not Active;2, 1305, 2619, 84.85, 32, Not Active, Not Active, Not Active;3, 1305, 2619, 81.79, 30, Not Active, Not Active, Not Active;
1786523543.400531840,0, 1305, 2619, 275.20, 48, Not Active, Not Active, Not Active;1, 1305, 2619, 82.54, 31, Not Active, Not Active, Not Active;2, 1305, 2619, 84.82, 32, Not Active, Not Active, Not Active;3, 1305, 2619, 81.81, 30, Not Active, Not Active, Not Active;
1786523543.676838024,0, 1305, 2619, 274.58, 48, Not Active, Not Active, Not Active;1, 1305, 2619, 82.40, 31, Not Active, Not Active, Not Active;2, 1305, 2619, 84.82, 32, Not Active, Not Active, Not Active;3, 1305, 2619, 81.79, 30, Not Active, Not Active, Not Active;
1786523543.964562520,0, 1305, 2619, 273.39, 47, Not Active, Not Active, Not Active;1, 1305, 2619, 82.24, 31, Not Active, Not Active, Not Active;2, 1305, 2619, 84.85, 32, Not Active, Not Active, Not Active;3, 1305, 2619, 81.69, 30, Not Active, Not Active, Not Active;
1786523544.270583949,0, 1305, 2619, 275.59, 48, Not Active, Not Active, Not Active;1, 1305, 2619, 83.52, 31, Not Active, Not Active, Not Active;2, 1305, 2619, 85.94, 33, Not Active, Not Active, Not Active;3, 1305, 2619, 83.47, 30, Not Active, Not Active, Not Active;
1786523544.550427350,0, 1305, 2619, 281.21, 49, Not Active, Not Active, Not Active;1, 1305, 2619, 87.40, 31, Not Active, Not Active, Not Active;2, 1305, 2619, 89.80, 33, Not Active, Not Active, Not Active;3, 1305, 2619, 87.35, 30, Not Active, Not Active, Not Active;
1786523544.828346410,0, 1305, 2619, 290.04, 49, Not Active, Not Active, Not Active;1, 1305, 2619, 89.29, 31, Not Active, Not Active, Not Active;2, 1305, 2619, 93.48, 33, Not Active, Not Active, Not Active;3, 1305, 2619, 91.07, 31, Not Active, Not Active, Not Active;
1786523545.120004612,0, 1305, 2619, 242.16, 44, Not Active, Not Active, Not Active;1, 1305, 2619, 90.76, 31, Not Active, Not Active, Not Active;2, 1305, 2619, 93.25, 32, Not Active, Not Active, Not Active;3, 1305, 2619, 90.22, 30, Not Active, Not Active, Not Active;
1786523545.848271625,0, 1305, 2619, 92.05, 42, Not Active, Not Active, Not Active;1, 1305, 2619, 83.95, 31, Not Active, Not Active, Not Active;2, 1305, 2619, 85.24, 32, Not Active, Not Active, Not Active;3, 1305, 2619, 81.78, 30, Not Active, Not Active, Not Active;
1786523546.608256209,0, 1305, 2619, 90.02, 41, Not Active, Not Active, Not Active;1, 1305, 2619, 82.48, 31, Not Active, Not Active, Not Active;2, 1305, 2619, 84.74, 32, Not Active, Not Active, Not Active;3, 1305, 2619, 81.64, 30, Not Active, Not Active, Not Active;
1786523547.321514156,0, 1305, 2619, 89.83, 41, Not Active, Not Active, Not Active;1, 1305, 2619, 82.23, 31, Not Active, Not Active, Not Active;2, 1305, 2619, 84.74, 32, Not Active, Not Active, Not Active;3, 1305, 2619, 81.62, 30, Not Active, Not Active, Not Active;
1786523547.841382397,0, 1305, 2619, 89.73, 41, Not Active, Not Active, Not Active;1, 1305, 2619, 82.27, 31, Not Active, Not Active, Not Active;2, 1305, 2619, 84.67, 32, Not Active, Not Active, Not Active;3, 1305, 2619, 81.64, 30, Not Active, Not Active, Not Active;
1786523548.185752939,0, 1305, 2619, 89.66, 41, Not Active, Not Active, Not Active;1, 1305, 2619, 82.38, 31, Not Active, Not Active, Not Active;2, 1305, 2619, 84.64, 32, Not Active, Not Active, Not Active;3, 1305, 2619, 81.64, 30, Not Active, Not Active, Not Active;
1786523548.501525214,0, 1305, 2619, 89.57, 41, Not Active, Not Active, Not Active;1, 1305, 2619, 82.50, 31, Not Active, Not Active, Not Active;2, 1305, 2619, 84.62, 32, Not Active, Not Active, Not Active;3, 1305, 2619, 81.65, 30, Not Active, Not Active, Not Active;
1786523548.925991189,0, 1305, 2619, 89.43, 41, Not Active, Not Active, Not Active;1, 1305, 2619, 82.58, 31, Not Active, Not Active, Not Active;2, 1305, 2619, 84.62, 32, Not Active, Not Active, Not Active;3, 1305, 2619, 81.73, 30, Not Active, Not Active, Not Active;
1786523549.416369679,0, 1305, 2619, 89.49, 40, Not Active, Not Active, Not Active;1, 1305, 2619, 82.61, 31, Not Active, Not Active, Not Active;2, 1305, 2619, 84.64, 32, Not Active, Not Active, Not Active;3, 1305, 2619, 82.89, 30, Not Active, Not Active, Not Active;
1786523549.759041409,0, 1305, 2619, 172.77, 49, Not Active, Not Active, Not Active;1, 1305, 2619, 82.60, 31, Not Active, Not Active, Not Active;2, 1305, 2619, 84.81, 32, Not Active, Not Active, Not Active;3, 1305, 2619, 82.75, 30, Not Active, Not Active, Not Active;
1786523550.064964669,0, 1305, 2619, 301.32, 53, Not Active, Not Active, Not Active;1, 1305, 2619, 83.79, 31, Not Active, Not Active, Not Active;2, 1305, 2619, 85.85, 33, Not Active, Not Active, Not Active;3, 1305, 2619, 83.86, 30, Not Active, Not Active, Not Active;
1786523550.352492612,0, 1305, 2619, 409.22, 58, Not Active, Not Active, Not Active;1, 1305, 2619, 87.87, 31, Not Active, Not Active, Not Active;2, 1305, 2619, 89.41, 33, Not Active, Not Active, Not Active;3, 1305, 2619, 88.08, 30, Not Active, Not Active, Not Active;
1786523550.646205618,0, 1305, 2619, 573.83, 60, Not Active, Not Active, Not Active;1, 1305, 2619, 90.57, 31, Not Active, Not Active, Not Active;2, 1305, 2619, 93.80, 33, Not Active, Not Active, Not Active;3, 1305, 2619, 90.20, 30, Not Active, Not Active, Not Active;
1786523550.926827497,0, 1305, 2619, 561.73, 56, Not Active, Not Active, Not Active;1, 1305, 2619, 93.29, 31, Not Active, Not Active, Not Active;2, 1305, 2619, 94.09, 32, Not Active, Not Active, Not Active;3, 1305, 2619, 90.57, 30, Not Active, Not Active, Not Active;
1786523551.216409958,0, 1305, 2619, 560.06, 56, Not Active, Not Active, Not Active;1, 1305, 2619, 90.64, 31, Not Active, Not Active, Not Active;2, 1305, 2619, 92.93, 33, Not Active, Not Active, Not Active;3, 1305, 2619, 88.73, 30, Not Active, Not Active, Not Active;
1786523551.531782024,0, 1305, 2619, 564.18, 62, Not Active, Not Active, Not Active;1, 1305, 2619, 91.14, 31, Not Active, Not Active, Not Active;2, 1305, 2619, 93.00, 33, Not Active, Not Active, Not Active;3, 1305, 2619, 89.23, 31, Not Active, Not Active, Not Active;
1786523551.893953008,0, 1305, 2619, 509.94, 49, Not Active, Not Active, Not Active;1, 1305, 2619, 92.32, 31, Not Active, Not Active, Not Active;2, 1305, 2619, 93.45, 32, Not Active, Not Active, Not Active;3, 1305, 2619, 90.93, 30, Not Active, Not Active, Not Active;
1786523552.496073549,0, 1305, 2619, 477.49, 54, Not Active, Not Active, Not Active;1, 1305, 2619, 89.09, 31, Not Active, Not Active, Not Active;2, 1305, 2619, 90.49, 32, Not Active, Not Active, Not Active;3, 1305, 2619, 87.71, 30, Not Active, Not Active, Not Active;
1786523552.779438645,0, 1305, 2619, 439.10, 59, Not Active, Not Active, Not Active;1, 1305, 2619, 86.41, 31, Not Active, Not Active, Not Active;2, 1305, 2619, 87.57, 33, Not Active, Not Active, Not Active;3, 1305, 2619, 85.27, 30, Not Active, Not Active, Not Active;
1786523553.096104579,0, 1305, 2619, 534.89, 62, Not Active, Not Active, Not Active;1, 1305, 2619, 88.00, 31, Not Active, Not Active, Not Active;2, 1305, 2619, 90.03, 33, Not Active, Not Active, Not Active;3, 1305, 2619, 86.54, 31, Not Active, Not Active, Not Active;
1786523553.382567860,0, 1305, 2619, 630.45, 63, Not Active, Not Active, Not Active;1, 1305, 2619, 91.22, 31, Not Active, Not Active, Not Active;2, 1305, 2619, 95.40, 33, Not Active, Not Active, Not Active;3, 1305, 2619, 91.07, 30, Not Active, Not Active, Not Active;
1786523553.734147234,0, 1305, 2619, 554.45, 55, Not Active, Not Active, Not Active;1, 1305, 2619, 92.32, 31, Not Active, Not Active, Not Active;2, 1305, 2619, 94.40, 32, Not Active, Not Active, Not Active;3, 1305, 2619, 89.76, 30, Not Active, Not Active, Not Active;
1786523554.020126118,0, 1305, 2619, 467.89, 54, Not Active, Not Active, Not Active;1, 1305, 2619, 89.18, 31, Not Active, Not Active, Not Active;2, 1305, 2619, 90.87, 32, Not Active, Not Active, Not Active;3, 1305, 2619, 87.12, 30, Not Active, Not Active, Not Active;
1786523554.297280651,0, 1305, 2619, 398.66, 53, Not Active, Not Active, Not Active;1, 1305, 2619, 85.03, 31, Not Active, Not Active, Not Active;2, 1305, 2619, 85.99, 32, Not Active, Not Active, Not Active;3, 1305, 2619, 83.10, 30, Not Active, Not Active, Not Active;
1786523554.625635044,0, 1305, 2619, 405.19, 57, Not Active, Not Active, Not Active;1, 1305, 2619, 87.18, 31, Not Active, Not Active, Not Active;2, 1305, 2619, 90.68, 33, Not Active, Not Active, Not Active;3, 1305, 2619, 88.25, 31, Not Active, Not Active, Not Active;
1786523555.222872231,0, 1305, 2619, 438.22, 55, Not Active, Not Active, Not Active;1, 1305, 2619, 91.80, 31, Not Active, Not Active, Not Active;2, 1305, 2619, 94.86, 33, Not Active, Not Active, Not Active;3, 1305, 2619, 91.50, 30, Not Active, Not Active, Not Active;
1786523555.519241614,0, 1305, 2619, 392.43, 50, Not Active, Not Active, Not Active;1, 1305, 2619, 91.40, 31, Not Active, Not Active, Not Active;2, 1305, 2619, 93.62, 33, Not Active, Not Active, Not Active;3, 1305, 2619, 90.80, 30, Not Active, Not Active, Not Active;
1786523555.800417263,0, 1305, 2619, 349.62, 50, Not Active, Not Active, Not Active;1, 1305, 2619, 89.13, 31, Not Active, Not Active, Not Active;2, 1305, 2619, 91.63, 33, Not Active, Not Active, Not Active;3, 1305, 2619, 87.61, 30, Not Active, Not Active, Not Active;
1786523556.079005798,0, 1305, 2619, 281.41, 49, Not Active, Not Active, Not Active;1, 1305, 2619, 85.52, 31, Not Active, Not Active, Not Active;2, 1305, 2619, 88.05, 32, Not Active, Not Active, Not Active;3, 1305, 2619, 84.05, 30, Not Active, Not Active, Not Active;
1786523556.386345081,0, 1305, 2619, 279.19, 49, Not Active, Not Active, Not Active;1, 1305, 2619, 82.73, 31, Not Active, Not Active, Not Active;2, 1305, 2619, 84.75, 32, Not Active, Not Active, Not Active;3, 1305, 2619, 81.61, 30, Not Active, Not Active, Not Active;
1786523556.773587493,0, 1305, 2619, 280.06, 49, Not Active, Not Active, Not Active;1, 1305, 2619, 82.59, 31, Not Active, Not Active, Not Active;2, 1305, 2619, 84.73, 32, Not Active, Not Active, Not Active;3, 1305, 2619, 81.58, 30, Not Active, Not Active, Not Active;
1786523557.073147984,0, 1305, 2619, 280.56, 48, Not Active, Not Active, Not Active;1, 1305, 2619, 82.48, 31, Not Active, Not Active, Not Active;2, 1305, 2619, 84.75, 32, Not Active, Not Active, Not Active;3, 1305, 2619, 81.65, 30, Not Active, Not Active, Not Active;
1786523557.402814249,0, 1305, 2619, 306.07, 51, Not Active, Not Active, Not Active;1, 1305, 2619, 88.28, 31, Not Active, Not Active, Not Active;2, 1305, 2619, 90.44, 33, Not Active, Not Active, Not Active;3, 1305, 2619, 87.93, 31, Not Active, Not Active, Not Active;
1786523557.983870617,0, 1305, 2619, 301.60, 48, Not Active, Not Active, Not Active;1, 1305, 2619, 91.80, 31, Not Active, Not Active, Not Active;2, 1305, 2619, 94.80, 33, Not Active, Not Active, Not Active;3, 1305, 2619, 90.61, 30, Not Active, Not Active, Not Active;
1786523558.290510226,0, 1305, 2619, 298.95, 48, Not Active, Not Active, Not Active;1, 1305, 2619, 91.83, 31, Not Active, Not Active, Not Active;2, 1305, 2619, 93.66, 33, Not Active, Not Active, Not Active;3, 1305, 2619, 89.44, 30, Not Active, Not Active, Not Active;
1786523558.562247697,0, 1305, 2619, 283.85, 48, Not Active, Not Active, Not Active;1, 1305, 2619, 87.69, 31, Not Active, Not Active, Not Active;2, 1305, 2619, 90.50, 32, Not Active, Not Active, Not Active;3, 1305, 2619, 86.50, 30, Not Active, Not Active, Not Active;
1786523558.852739867,0, 1305, 2619, 266.36, 48, Not Active, Not Active, Not Active;1, 1305, 2619, 83.86, 31, Not Active, Not Active, Not Active;2, 1305, 2619, 85.95, 32, Not Active, Not Active, Not Active;3, 1305, 2619, 81.92, 30, Not Active, Not Active, Not Active;
1786523559.154170437,0, 1305, 2619, 271.83, 47, Not Active, Not Active, Not Active;1, 1305, 2619, 82.64, 31, Not Active, Not Active, Not Active;2, 1305, 2619, 84.64, 32, Not Active, Not Active, Not Active;3, 1305, 2619, 81.68, 30, Not Active, Not Active, Not Active;
1786523559.431680434,0, 1305, 2619, 271.01, 47, Not Active, Not Active, Not Active;1, 1305, 2619, 82.66, 31, Not Active, Not Active, Not Active;2, 1305, 2619, 84.65, 32, Not Active, Not Active, Not Active;3, 1305, 2619, 81.64, 30, Not Active, Not Active, Not Active;
1786523559.716603746,0, 1305, 2619, 270.39, 47, Not Active, Not Active, Not Active;1, 1305, 2619, 82.66, 31, Not Active, Not Active, Not Active;2, 1305, 2619, 84.68, 32, Not Active, Not Active, Not Active;3, 1305, 2619, 81.61, 30, Not Active, Not Active, Not Active;
1786523560.099201169,0, 1305, 2619, 270.48, 47, Not Active, Not Active, Not Active;1, 1305, 2619, 82.58, 31, Not Active, Not Active, Not Active;2, 1305, 2619, 84.70, 32, Not Active, Not Active, Not Active;3, 1305, 2619, 81.61, 30, Not Active, Not Active, Not Active;
1786523560.659182676,0, 1305, 2619, 272.58, 47, Not Active, Not Active, Not Active;1, 1305, 2619, 82.37, 31, Not Active, Not Active, Not Active;2, 1305, 2619, 84.78, 32, Not Active, Not Active, Not Active;3, 1305, 2619, 81.65, 30, Not Active, Not Active, Not Active;
1786523560.957685061,0, 1305, 2619, 273.32, 47, Not Active, Not Active, Not Active;1, 1305, 2619, 82.29, 31, Not Active, Not Active, Not Active;2, 1305, 2619, 84.82, 32, Not Active, Not Active, Not Active;3, 1305, 2619, 81.67, 30, Not Active, Not Active, Not Active;
1786523561.265847762,0, 1305, 2619, 273.65, 47, Not Active, Not Active, Not Active;1, 1305, 2619, 82.19, 31, Not Active, Not Active, Not Active;2, 1305, 2619, 84.87, 32, Not Active, Not Active, Not Active;3, 1305, 2619, 81.73, 30, Not Active, Not Active, Not Active;
1786523561.556164540,0, 1305, 2619, 273.50, 47, Not Active, Not Active, Not Active;1, 1305, 2619, 82.22, 31, Not Active, Not Active, Not Active;2, 1305, 2619, 84.74, 32, Not Active, Not Active, Not Active;3, 1305, 2619, 81.70, 30, Not Active, Not Active, Not Active;
1786523561.850985553,0, 1305, 2619, 275.76, 48, Not Active, Not Active, Not Active;1, 1305, 2619, 83.48, 31, Not Active, Not Active, Not Active;2, 1305, 2619, 85.98, 33, Not Active, Not Active, Not Active;3, 1305, 2619, 83.86, 30, Not Active, Not Active, Not Active;
1786523562.200651998,0, 1305, 2619, 285.40, 48, Not Active, Not Active, Not Active;1, 1305, 2619, 87.47, 31, Not Active, Not Active, Not Active;2, 1305, 2619, 89.70, 33, Not Active, Not Active, Not Active;3, 1305, 2619, 87.21, 30, Not Active, Not Active, Not Active;
1786523562.480397243,0, 1305, 2619, 293.01, 48, Not Active, Not Active, Not Active;1, 1305, 2619, 91.40, 31, Not Active, Not Active, Not Active;2, 1305, 2619, 92.82, 32, Not Active, Not Active, Not Active;3, 1305, 2619, 91.39, 30, Not Active, Not Active, Not Active;
1786523562.848275930,0, 1305, 2619, 198.30, 43, Not Active, Not Active, Not Active;1, 1305, 2619, 89.00, 31, Not Active, Not Active, Not Active;2, 1305, 2619, 91.04, 32, Not Active, Not Active, Not Active;3, 1305, 2619, 87.78, 30, Not Active, Not Active, Not Active;
1786523563.928551030,0, 1305, 2619, 90.05, 41, Not Active, Not Active, Not Active;1, 1305, 2619, 82.34, 31, Not Active, Not Active, Not Active;2, 1305, 2619, 84.74, 32, Not Active, Not Active, Not Active;3, 1305, 2619, 81.67, 30, Not Active, Not Active, Not Active;
1786523564.422517750,0, 1305, 2619, 89.79, 41, Not Active, Not Active, Not Active;1, 1305, 2619, 82.27, 31, Not Active, Not Active, Not Active;2, 1305, 2619, 84.72, 32, Not Active, Not Active, Not Active;3, 1305, 2619, 81.68, 30, Not Active, Not Active, Not Active;
1786523565.043399576,0, 1305, 2619, 89.57, 41, Not Active, Not Active, Not Active;1, 1305, 2619, 82.29, 31, Not Active, Not Active, Not Active;2, 1305, 2619, 84.79, 32, Not Active, Not Active, Not Active;3, 1305, 2619, 81.70, 30, Not Active, Not Active, Not Active;
1786523565.369370150,0, 1305, 2619, 89.51, 41, Not Active, Not Active, Not Active;1, 1305, 2619, 82.41, 30, Not Active, Not Active, Not Active;2, 1305, 2619, 84.71, 32, Not Active, Not Active, Not Active;3, 1305, 2619, 81.65, 30, Not Active, Not Active, Not Active;
1786523565.659923052,0, 1305, 2619, 89.43, 40, Not Active, Not Active, Not Active;1, 1305, 2619, 82.52, 30, Not Active, Not Active, Not Active;2, 1305, 2619, 84.74, 32, Not Active, Not Active, Not Active;3, 1305, 2619, 81.58, 30, Not Active, Not Active, Not Active;
1786523566.064628755,0, 1305, 2619, 89.22, 40, Not Active, Not Active, Not Active;1, 1305, 2619, 82.61, 30, Not Active, Not Active, Not Active;2, 1305, 2619, 84.68, 32, Not Active, Not Active, Not Active;3, 1305, 2619, 81.67, 30, Not Active, Not Active, Not Active;
1786523566.534922234,0, 1305, 2619, 150.92, 50, Not Active, Not Active, Not Active;1, 1305, 2619, 82.61, 30, Not Active, Not Active, Not Active;2, 1305, 2619, 84.65, 32, Not Active, Not Active, Not Active;3, 1305, 2619, 81.65, 30, Not Active, Not Active, Not Active;
1786523567.268449403,0, 1305, 2619, 319.52, 58, Not Active, Active, Not Active;1, 1305, 2619, 82.41, 31, Not Active, Not Active, Not Active;2, 1305, 2619, 84.79, 32, Not Active, Not Active, Not Active;3, 1305, 2619, 81.62, 30, Not Active, Not Active, Not Active;
1786523567.545104746,0, 1305, 2619, 498.79, 56, Not Active, Active, Not Active;1, 1305, 2619, 82.35, 31, Not Active, Not Active, Not Active;2, 1305, 2619, 84.74, 32, Not Active, Not Active, Not Active;3, 1305, 2619, 81.64, 30, Not Active, Not Active, Not Active;
1786523567.819870462,0, 1305, 2619, 610.08, 58, Not Active, Not Active, Not Active;1, 1305, 2619, 86.32, 31, Not Active, Not Active, Not Active;2, 1305, 2619, 84.81, 32, Not Active, Not Active, Not Active;3, 1305, 2619, 81.68, 30, Not Active, Not Active, Not Active;
1786523568.137133788,0, 1305, 2619, 649.08, 59, Not Active, Not Active, Not Active;1, 1305, 2619, 94.33, 31, Not Active, Not Active, Not Active;2, 1305, 2619, 84.79, 32, Not Active, Not Active, Not Active;3, 1305, 2619, 81.65, 30, Not Active, Not Active, Not Active;
1786523568.457448775,0, 1305, 2619, 591.16, 58, Not Active, Not Active, Not Active;1, 1305, 2619, 99.11, 31, Not Active, Not Active, Not Active;2, 1305, 2619, 84.78, 32, Not Active, Not Active, Not Active;3, 1305, 2619, 81.68, 30, Not Active, Not Active, Not Active;
1786523568.754512193,0, 1305, 2619, 625.22, 62, Not Active, Not Active, Not Active;1, 1305, 2619, 95.64, 31, Not Active, Not Active, Not Active;2, 1305, 2619, 84.78, 32, Not Active, Not Active, Not Active;3, 1305, 2619, 81.59, 30, Not Active, Not Active, Not Active;
1786523569.106868792,0, 1305, 2619, 624.23, 63, Not Active, Not Active, Not Active;1, 1305, 2619, 88.16, 31, Not Active, Not Active, Not Active;2, 1305, 2619, 84.78, 32, Not Active, Not Active, Not Active;3, 1305, 2619, 81.64, 30, Not Active, Not Active, Not Active;
1786523569.467455887,0, 1305, 2619, 585.06, 61, Not Active, Not Active, Not Active;1, 1305, 2619, 87.96, 31, Not Active, Not Active, Not Active;2, 1305, 2619, 92.08, 33, Not Active, Not Active, Not Active;3, 1305, 2619, 89.03, 31, Not Active, Not Active, Not Active;
1786523569.920238995,0, 1305, 2619, 566.41, 61, Not Active, Not Active, Not Active;1, 1305, 2619, 92.97, 31, Not Active, Not Active, Not Active;2, 1305, 2619, 96.48, 33, Not Active, Not Active, Not Active;3, 1305, 2619, 92.01, 30, Not Active, Not Active, Not Active;
1786523570.206392853,0, 1305, 2619, 570.31, 60, Not Active, Not Active, Not Active;1, 1305, 2619, 93.17, 31, Not Active, Not Active, Not Active;2, 1305, 2619, 96.43, 32, Not Active, Not Active, Not Active;3, 1305, 2619, 91.15, 30, Not Active, Not Active, Not Active;
1786523570.491494329,0, 1305, 2619, 601.22, 62, Not Active, Not Active, Not Active;1, 1305, 2619, 89.56, 31, Not Active, Not Active, Not Active;2, 1305, 2619, 92.17, 32, Not Active, Not Active, Not Active;3, 1305, 2619, 87.66, 30, Not Active, Not Active, Not Active;
1786523570.768598810,0, 1305, 2619, 594.70, 57, Not Active, Not Active, Not Active;1, 1305, 2619, 86.17, 31, Not Active, Not Active, Not Active;2, 1305, 2619, 88.79, 32, Not Active, Not Active, Not Active;3, 1305, 2619, 84.52, 30, Not Active, Not Active, Not Active;
1786523571.054031880,0, 1305, 2619, 564.29, 54, Not Active, Not Active, Not Active;1, 1305, 2619, 89.21, 31, Not Active, Not Active, Not Active;2, 1305, 2619, 84.74, 32, Not Active, Not Active, Not Active;3, 1305, 2619, 81.63, 30, Not Active, Not Active, Not Active;
1786523571.367563546,0, 1305, 2619, 468.07, 53, Not Active, Not Active, Not Active;1, 1305, 2619, 94.91, 31, Not Active, Not Active, Not Active;2, 1305, 2619, 84.67, 32, Not Active, Not Active, Not Active;3, 1305, 2619, 81.60, 30, Not Active, Not Active, Not Active;
1786523571.663995519,0, 1305, 2619, 366.40, 56, Not Active, Not Active, Not Active;1, 1305, 2619, 98.56, 31, Not Active, Not Active, Not Active;2, 1305, 2619, 84.65, 32, Not Active, Not Active, Not Active;3, 1305, 2619, 81.46, 30, Not Active, Not Active, Not Active;
1786523572.050482101,0, 1305, 2619, 457.42, 61, Not Active, Not Active, Not Active;1, 1305, 2619, 94.49, 31, Not Active, Not Active, Not Active;2, 1305, 2619, 84.71, 32, Not Active, Not Active, Not Active;3, 1305, 2619, 81.52, 30, Not Active, Not Active, Not Active;
1786523572.646787012,0, 1305, 2619, 507.17, 54, Not Active, Not Active, Not Active;1, 1305, 2619, 86.54, 31, Not Active, Not Active, Not Active;2, 1305, 2619, 88.13, 33, Not Active, Not Active, Not Active;3, 1305, 2619, 85.58, 31, Not Active, Not Active, Not Active;
1786523572.949315653,0, 1305, 2619, 426.50, 53, Not Active, Not Active, Not Active;1, 1305, 2619, 91.45, 31, Not Active, Not Active, Not Active;2, 1305, 2619, 93.07, 33, Not Active, Not Active, Not Active;3, 1305, 2619, 90.65, 31, Not Active, Not Active, Not Active;
1786523573.255231030,0, 1305, 2619, 371.34, 50, Not Active, Not Active, Not Active;1, 1305, 2619, 94.54, 31, Not Active, Not Active, Not Active;2, 1305, 2619, 96.22, 33, Not Active, Not Active, Not Active;3, 1305, 2619, 93.44, 30, Not Active, Not Active, Not Active;
1786523573.524976675,0, 1305, 2619, 347.94, 59, Not Active, Not Active, Not Active;1, 1305, 2619, 93.52, 31, Not Active, Not Active, Not Active;2, 1305, 2619, 93.93, 33, Not Active, Not Active, Not Active;3, 1305, 2619, 92.37, 30, Not Active, Not Active, Not Active;
1786523573.802863605,0, 1305, 2619, 448.01, 62, Not Active, Not Active, Not Active;1, 1305, 2619, 88.75, 31, Not Active, Not Active, Not Active;2, 1305, 2619, 91.79, 32, Not Active, Not Active, Not Active;3, 1305, 2619, 87.49, 30, Not Active, Not Active, Not Active;
1786523574.091701057,0, 1305, 2619, 518.53, 56, Not Active, Not Active, Not Active;1, 1305, 2619, 84.10, 31, Not Active, Not Active, Not Active;2, 1305, 2619, 86.49, 32, Not Active, Not Active, Not Active;3, 1305, 2619, 84.28, 30, Not Active, Not Active, Not Active;
1786523574.393777470,0, 1305, 2619, 558.23, 56, Not Active, Not Active, Not Active;1, 1305, 2619, 92.66, 31, Not Active, Not Active, Not Active;2, 1305, 2619, 84.82, 32, Not Active, Not Active, Not Active;3, 1305, 2619, 81.79, 30, Not Active, Not Active, Not Active;
1786523574.729000180,0, 1305, 2619, 455.55, 56, Not Active, Not Active, Not Active;1, 1305, 2619, 104.12, 32, Not Active, Not Active, Not Active;2, 1305, 2619, 84.87, 32, Not Active, Not Active, Not Active;3, 1305, 2619, 81.71, 30, Not Active, Not Active, Not Active;
1786523575.102878556,0, 1305, 2619, 454.00, 61, Not Active, Not Active, Not Active;1, 1305, 2619, 102.37, 31, Not Active, Not Active, Not Active;2, 1305, 2619, 84.86, 32, Not Active, Not Active, Not Active;3, 1305, 2619, 81.60, 30, Not Active, Not Active, Not Active;
1786523575.562985232,0, 1305, 2619, 508.49, 62, Not Active, Not Active, Not Active;1, 1305, 2619, 93.06, 31, Not Active, Not Active, Not Active;2, 1305, 2619, 84.89, 32, Not Active, Not Active, Not Active;3, 1305, 2619, 81.62, 30, Not Active, Not Active, Not Active;
1786523575.854095128,0, 1305, 2619, 475.59, 56, Not Active, Not Active, Not Active;1, 1305, 2619, 86.92, 31, Not Active, Not Active, Not Active;2, 1305, 2619, 88.47, 33, Not Active, Not Active, Not Active;3, 1305, 2619, 85.14, 31, Not Active, Not Active, Not Active;
1786523576.145283175,0, 1305, 2619, 463.55, 55, Not Active, Not Active, Not Active;1, 1305, 2619, 89.53, 31, Not Active, Not Active, Not Active;2, 1305, 2619, 92.86, 33, Not Active, Not Active, Not Active;3, 1305, 2619, 90.47, 31, Not Active, Not Active, Not Active;
1786523576.469892981,0, 1305, 2619, 331.35, 54, Not Active, Not Active, Not Active;1, 1305, 2619, 95.47, 31, Not Active, Not Active, Not Active;2, 1305, 2619, 97.14, 33, Not Active, Not Active, Not Active;3, 1305, 2619, 93.05, 30, Not Active, Not Active, Not Active;
1786523576.822773003,0, 1305, 2619, 382.39, 57, Not Active, Not Active, Not Active;1, 1305, 2619, 94.30, 31, Not Active, Not Active, Not Active;2, 1305, 2619, 94.67, 32, Not Active, Not Active, Not Active;3, 1305, 2619, 93.05, 30, Not Active, Not Active, Not Active;
1786523577.119174989,0, 1305, 2619, 448.77, 56, Not Active, Not Active, Not Active;1, 1305, 2619, 87.86, 31, Not Active, Not Active, Not Active;2, 1305, 2619, 89.03, 32, Not Active, Not Active, Not Active;3, 1305, 2619, 83.53, 30, Not Active, Not Active, Not Active;
1786523577.562177316,0, 1305, 2619, 383.40, 50, Not Active, Not Active, Not Active;1, 1305, 2619, 88.91, 31, Not Active, Not Active, Not Active;2, 1305, 2619, 84.65, 32, Not Active, Not Active, Not Active;3, 1305, 2619, 81.58, 30, Not Active, Not Active, Not Active;
1786523577.905691602,0, 1305, 2619, 224.86, 46, Not Active, Not Active, Not Active;1, 1305, 2619, 99.98, 31, Not Active, Not Active, Not Active;2, 1305, 2619, 84.73, 32, Not Active, Not Active, Not Active;3, 1305, 2619, 81.46, 30, Not Active, Not Active, Not Active;
1786523578.385127290,0, 1305, 2619, 245.17, 53, Not Active, Not Active, Not Active;1, 1305, 2619, 97.57, 31, Not Active, Not Active, Not Active;2, 1305, 2619, 84.68, 32, Not Active, Not Active, Not Active;3, 1305, 2619, 81.46, 30, Not Active, Not Active, Not Active;
1786523578.668522128,0, 1305, 2619, 329.26, 55, Not Active, Not Active, Not Active;1, 1305, 2619, 90.42, 31, Not Active, Not Active, Not Active;2, 1305, 2619, 84.70, 32, Not Active, Not Active, Not Active;3, 1305, 2619, 81.42, 30, Not Active, Not Active, Not Active;
1786523578.969628232,0, 1305, 2619, 350.61, 49, Not Active, Not Active, Not Active;1, 1305, 2619, 84.91, 31, Not Active, Not Active, Not Active;2, 1305, 2619, 85.98, 33, Not Active, Not Active, Not Active;3, 1305, 2619, 83.47, 30, Not Active, Not Active, Not Active;
1786523579.266628796,0, 1305, 2619, 301.32, 48, Not Active, Not Active, Not Active;1, 1305, 2619, 88.82, 31, Not Active, Not Active, Not Active;2, 1305, 2619, 90.80, 33, Not Active, Not Active, Not Active;3, 1305, 2619, 87.64, 30, Not Active, Not Active, Not Active;
1786523579.552447099,0, 1305, 2619, 263.22, 47, Not Active, Not Active, Not Active;1, 1305, 2619, 91.20, 31, Not Active, Not Active, Not Active;2, 1305, 2619, 95.51, 33, Not Active, Not Active, Not Active;3, 1305, 2619, 91.90, 30, Not Active, Not Active, Not Active;
1786523579.817954419,0, 1305, 2619, 145.29, 50, Not Active, Not Active, Not Active;1, 1305, 2619, 95.08, 31, Not Active, Not Active, Not Active;2, 1305, 2619, 95.70, 32, Not Active, Not Active, Not Active;3, 1305, 2619, 92.43, 30, Not Active, Not Active, Not Active;
1786523580.131465685,0, 1305, 2619, 281.20, 55, Not Active, Not Active, Not Active;1, 1305, 2619, 91.05, 31, Not Active, Not Active, Not Active;2, 1305, 2619, 92.27, 32, Not Active, Not Active, Not Active;3, 1305, 2619, 87.95, 30, Not Active, Not Active, Not Active;
1786523580.461966238,0, 1305, 2619, 323.70, 49, Not Active, Not Active, Not Active;1, 1305, 2619, 89.07, 31, Not Active, Not Active, Not Active;2, 1305, 2619, 86.02, 32, Not Active, Not Active, Not Active;3, 1305, 2619, 83.33, 30, Not Active, Not Active, Not Active;
1786523581.028522905,0, 1305, 2619, 271.92, 47, Not Active, Not Active, Not Active;1, 1305, 2619, 104.13, 31, Not Active, Not Active, Not Active;2, 1305, 2619, 84.75, 32, Not Active, Not Active, Not Active;3, 1305, 2619, 81.58, 30, Not Active, Not Active, Not Active;
1786523581.322283081,0, 1305, 2619, 191.26, 52, Not Active, Not Active, Not Active;1, 1305, 2619, 108.03, 31, Not Active, Not Active, Not Active;2, 1305, 2619, 84.74, 32, Not Active, Not Active, Not Active;3, 1305, 2619, 81.59, 30, Not Active, Not Active, Not Active;
1786523581.620408683,0, 1305, 2619, 274.94, 54, Not Active, Not Active, Not Active;1, 1305, 2619, 102.39, 31, Not Active, Not Active, Not Active;2, 1305, 2619, 84.71, 32, Not Active, Not Active, Not Active;3, 1305, 2619, 81.55, 30, Not Active, Not Active, Not Active;
1786523581.903849956,0, 1305, 2619, 320.73, 49, Not Active, Not Active, Not Active;1, 1305, 2619, 92.83, 31, Not Active, Not Active, Not Active;2, 1305, 2619, 84.65, 33, Not Active, Not Active, Not Active;3, 1305, 2619, 83.39, 30, Not Active, Not Active, Not Active;
1786523582.181103383,0, 1305, 2619, 346.49, 48, Not Active, Not Active, Not Active;1, 1305, 2619, 88.69, 31, Not Active, Not Active, Not Active;2, 1305, 2619, 90.43, 33, Not Active, Not Active, Not Active;3, 1305, 2619, 89.04, 30, Not Active, Not Active, Not Active;
1786523582.479091217,0, 1305, 2619, 261.17, 47, Not Active, Not Active, Not Active;1, 1305, 2619, 93.38, 31, Not Active, Not Active, Not Active;2, 1305, 2619, 96.24, 33, Not Active, Not Active, Not Active;3, 1305, 2619, 93.71, 31, Not Active, Not Active, Not Active;
1786523582.765226141,0, 1305, 2619, 205.86, 48, Not Active, Not Active, Not Active;1, 1305, 2619, 95.14, 31, Not Active, Not Active, Not Active;2, 1305, 2619, 98.32, 32, Not Active, Not Active, Not Active;3, 1305, 2619, 96.10, 30, Not Active, Not Active, Not Active;
1786523583.149738763,0, 1305, 2619, 240.41, 49, Not Active, Not Active, Not Active;1, 1305, 2619, 88.23, 31, Not Active, Not Active, Not Active;2, 1305, 2619, 91.87, 32, Not Active, Not Active, Not Active;3, 1305, 2619, 87.01, 30, Not Active, Not Active, Not Active;
1786523583.606878853,0, 1305, 2619, 242.82, 45, Not Active, Not Active, Not Active;1, 1305, 2619, 91.90, 31, Not Active, Not Active, Not Active;2, 1305, 2619, 84.55, 32, Not Active, Not Active, Not Active;3, 1305, 2619, 81.61, 30, Not Active, Not Active, Not Active;
1786523584.093803225,0, 1305, 2619, 195.16, 44, Not Active, Not Active, Not Active;1, 1305, 2619, 97.56, 31, Not Active, Not Active, Not Active;2, 1305, 2619, 84.49, 32, Not Active, Not Active, Not Active;3, 1305, 2619, 81.55, 30, Not Active, Not Active, Not Active;
1786523584.419444051,0, 1305, 2619, 153.34, 47, Not Active, Not Active, Not Active;1, 1305, 2619, 99.30, 31, Not Active, Not Active, Not Active;2, 1305, 2619, 84.50, 32, Not Active, Not Active, Not Active;3, 1305, 2619, 81.55, 30, Not Active, Not Active, Not Active;
1786523584.753430779,0, 1305, 2619, 202.55, 48, Not Active, Not Active, Not Active;1, 1305, 2619, 93.34, 31, Not Active, Not Active, Not Active;2, 1305, 2619, 84.50, 32, Not Active, Not Active, Not Active;3, 1305, 2619, 81.52, 30, Not Active, Not Active, Not Active;
1786523585.176805528,0, 1305, 2619, 228.54, 44, Not Active, Not Active, Not Active;1, 1305, 2619, 87.89, 31, Not Active, Not Active, Not Active;2, 1305, 2619, 91.00, 33, Not Active, Not Active, Not Active;3, 1305, 2619, 87.18, 30, Not Active, Not Active, Not Active;
1786523586.096642910,0, 1305, 2619, 110.02, 42, Not Active, Not Active, Not Active;1, 1305, 2619, 90.57, 31, Not Active, Not Active, Not Active;2, 1305, 2619, 90.93, 32, Not Active, Not Active, Not Active;3, 1305, 2619, 87.21, 30, Not Active, Not Active, Not Active;
1786523587.483969576,0, 1305, 2619, 89.61, 41, Not Active, Not Active, Not Active;1, 1305, 2619, 82.49, 31, Not Active, Not Active, Not Active;2, 1305, 2619, 84.68, 32, Not Active, Not Active, Not Active;3, 1305, 2619, 81.58, 30, Not Active, Not Active, Not Active;
1786523588.353470539,0, 1305, 2619, 89.53, 41, Not Active, Not Active, Not Active;1, 1305, 2619, 82.38, 31, Not Active, Not Active, Not Active;2, 1305, 2619, 84.75, 32, Not Active, Not Active, Not Active;3, 1305, 2619, 81.61, 30, Not Active, Not Active, Not Active;
1786523588.849905533,0, 1305, 2619, 89.53, 41, Not Active, Not Active, Not Active;1, 1305, 2619, 82.27, 31, Not Active, Not Active, Not Active;2, 1305, 2619, 84.68, 32, Not Active, Not Active, Not Active;3, 1305, 2619, 81.65, 30, Not Active, Not Active, Not Active;
1786523589.320699386,0, 1305, 2619, 89.49, 41, Not Active, Not Active, Not Active;1, 1305, 2619, 82.42, 31, Not Active, Not Active, Not Active;2, 1305, 2619, 84.75, 32, Not Active, Not Active, Not Active;3, 1305, 2619, 81.73, 30, Not Active, Not Active, Not Active;
1786523589.845181874,0, 1305, 2619, 89.44, 40, Not Active, Not Active, Not Active;1, 1305, 2619, 82.52, 31, Not Active, Not Active, Not Active;2, 1305, 2619, 84.76, 32, Not Active, Not Active, Not Active;3, 1305, 2619, 81.73, 30, Not Active, Not Active, Not Active;
1786523590.204541348,0, 1305, 2619, 89.33, 40, Not Active, Not Active, Not Active;1, 1305, 2619, 82.64, 31, Not Active, Not Active, Not Active;2, 1305, 2619, 84.76, 32, Not Active, Not Active, Not Active;3, 1305, 2619, 81.67, 30, Not Active, Not Active, Not Active;
1786523590.569431722,0, 1305, 2619, 89.26, 40, Not Active, Not Active, Not Active;1, 1305, 2619, 82.66, 31, Not Active, Not Active, Not Active;2, 1305, 2619, 84.71, 32, Not Active, Not Active, Not Active;3, 1305, 2619, 81.61, 30, Not Active, Not Active, Not Active;
1786523590.974241833,0, 1305, 2619, 89.24, 40, Not Active, Not Active, Not Active;1, 1305, 2619, 82.41, 31, Not Active, Not Active, Not Active;2, 1305, 2619, 84.74, 32, Not Active, Not Active, Not Active;3, 1305, 2619, 81.64, 30, Not Active, Not Active, Not Active;
1786523591.559437998,0, 1305, 2619, 129.12, 44, Not Active, Not Active, Not Active;1, 1305, 2619, 82.34, 31, Not Active, Not Active, Not Active;2, 1305, 2619, 84.70, 32, Not Active, Not Active, Not Active;3, 1305, 2619, 81.64, 30, Not Active, Not Active, Not Active;
1786523591.861380767,0, 1305, 2619, 178.89, 44, Not Active, Not Active, Not Active;1, 1305, 2619, 83.40, 31, Not Active, Not Active, Not Active;2, 1305, 2619, 84.71, 32, Not Active, Not Active, Not Active;3, 1305, 2619, 81.62, 30, Not Active, Not Active, Not Active;
1786523592.154891612,0, 1305, 2619, 229.45, 45, Not Active, Not Active, Not Active;1, 1305, 2619, 87.37, 31, Not Active, Not Active, Not Active;2, 1305, 2619, 84.65, 32, Not Active, Not Active, Not Active;3, 1305, 2619, 81.62, 30, Not Active, Not Active, Not Active;
1786523592.456629031,0, 1305, 2619, 287.40, 45, Not Active, Not Active, Not Active;1, 1305, 2619, 88.21, 31, Not Active, Not Active, Not Active;2, 1305, 2619, 84.71, 32, Not Active, Not Active, Not Active;3, 1305, 2619, 81.68, 30, Not Active, Not Active, Not Active;
1786523592.777851357,0, 1305, 2619, 282.59, 45, Not Active, Not Active, Not Active;1, 1305, 2619, 88.93, 31, Not Active, Not Active, Not Active;2, 1305, 2619, 84.68, 32, Not Active, Not Active, Not Active;3, 1305, 2619, 81.68, 30, Not Active, Not Active, Not Active;
1786523593.071138356,0, 1305, 2619, 277.48, 45, Not Active, Not Active, Not Active;1, 1305, 2619, 86.43, 31, Not Active, Not Active, Not Active;2, 1305, 2619, 85.86, 33, Not Active, Not Active, Not Active;3, 1305, 2619, 83.59, 30, Not Active, Not Active, Not Active;
1786523593.359127852,0, 1305, 2619, 276.12, 46, Not Active, Not Active, Not Active;1, 1305, 2619, 87.54, 31, Not Active, Not Active, Not Active;2, 1305, 2619, 89.26, 33, Not Active, Not Active, Not Active;3, 1305, 2619, 86.90, 31, Not Active, Not Active, Not Active;
1786523593.688766791,0, 1305, 2619, 283.11, 46, Not Active, Not Active, Not Active;1, 1305, 2619, 90.65, 31, Not Active, Not Active, Not Active;2, 1305, 2619, 92.96, 33, Not Active, Not Active, Not Active;3, 1305, 2619, 90.34, 30, Not Active, Not Active, Not Active;
1786523594.231276843,0, 1305, 2619, 281.47, 46, Not Active, Not Active, Not Active;1, 1305, 2619, 90.86, 31, Not Active, Not Active, Not Active;2, 1305, 2619, 90.02, 33, Not Active, Not Active, Not Active;3, 1305, 2619, 88.39, 30, Not Active, Not Active, Not Active;
1786523594.516431521,0, 1305, 2619, 272.40, 46, Not Active, Not Active, Not Active;1, 1305, 2619, 91.03, 31, Not Active, Not Active, Not Active;2, 1305, 2619, 86.35, 33, Not Active, Not Active, Not Active;3, 1305, 2619, 83.95, 30, Not Active, Not Active, Not Active;
1786523594.838340777,0, 1305, 2619, 268.86, 46, Not Active, Not Active, Not Active;1, 1305, 2619, 90.44, 31, Not Active, Not Active, Not Active;2, 1305, 2619, 84.79, 33, Not Active, Not Active, Not Active;3, 1305, 2619, 81.72, 30, Not Active, Not Active, Not Active;
1786523595.119318311,0, 1305, 2619, 263.47, 46, Not Active, Not Active, Not Active;1, 1305, 2619, 90.26, 31, Not Active, Not Active, Not Active;2, 1305, 2619, 84.84, 33, Not Active, Not Active, Not Active;3, 1305, 2619, 81.67, 30, Not Active, Not Active, Not Active;
1786523595.400867917,0, 1305, 2619, 269.25, 46, Not Active, Not Active, Not Active;1, 1305, 2619, 87.76, 31, Not Active, Not Active, Not Active;2, 1305, 2619, 85.71, 33, Not Active, Not Active, Not Active;3, 1305, 2619, 82.74, 31, Not Active, Not Active, Not Active;
1786523595.675544341,0, 1305, 2619, 276.30, 46, Not Active, Not Active, Not Active;1, 1305, 2619, 87.36, 31, Not Active, Not Active, Not Active;2, 1305, 2619, 89.39, 33, Not Active, Not Active, Not Active;3, 1305, 2619, 86.54, 31, Not Active, Not Active, Not Active;
1786523595.964900600,0, 1305, 2619, 279.65, 46, Not Active, Not Active, Not Active;1, 1305, 2619, 91.16, 31, Not Active, Not Active, Not Active;2, 1305, 2619, 93.54, 33, Not Active, Not Active, Not Active;3, 1305, 2619, 89.43, 31, Not Active, Not Active, Not Active;
1786523596.305386487,0, 1305, 2619, 277.31, 48, Not Active, Not Active, Not Active;1, 1305, 2619, 91.60, 31, Not Active, Not Active, Not Active;2, 1305, 2619, 92.63, 33, Not Active, Not Active, Not Active;3, 1305, 2619, 88.21, 30, Not Active, Not Active, Not Active;
1786523596.765444960,0, 1305, 2619, 307.07, 48, Not Active, Not Active, Not Active;1, 1305, 2619, 89.75, 31, Not Active, Not Active, Not Active;2, 1305, 2619, 85.80, 33, Not Active, Not Active, Not Active;3, 1305, 2619, 81.65, 30, Not Active, Not Active, Not Active;
1786523597.357572554,0, 1305, 2619, 301.23, 47, Not Active, Not Active, Not Active;1, 1305, 2619, 89.29, 31, Not Active, Not Active, Not Active;2, 1305, 2619, 84.67, 33, Not Active, Not Active, Not Active;3, 1305, 2619, 81.64, 30, Not Active, Not Active, Not Active;
1786523597.648379788,0, 1305, 2619, 294.23, 47, Not Active, Not Active, Not Active;1, 1305, 2619, 89.27, 31, Not Active, Not Active, Not Active;2, 1305, 2619, 84.65, 33, Not Active, Not Active, Not Active;3, 1305, 2619, 81.68, 30, Not Active, Not Active, Not Active;
1786523597.926145143,0, 1305, 2619, 286.88, 47, Not Active, Not Active, Not Active;1, 1305, 2619, 87.70, 31, Not Active, Not Active, Not Active;2, 1305, 2619, 88.33, 33, Not Active, Not Active, Not Active;3, 1305, 2619, 83.89, 31, Not Active, Not Active, Not Active;
1786523598.204378411,0, 1305, 2619, 283.33, 47, Not Active, Not Active, Not Active;1, 1305, 2619, 88.32, 31, Not Active, Not Active, Not Active;2, 1305, 2619, 92.13, 33, Not Active, Not Active, Not Active;3, 1305, 2619, 87.15, 31, Not Active, Not Active, Not Active;
1786523598.495156851,0, 1305, 2619, 287.86, 48, Not Active, Not Active, Not Active;1, 1305, 2619, 91.69, 31, Not Active, Not Active, Not Active;2, 1305, 2619, 93.72, 33, Not Active, Not Active, Not Active;3, 1305, 2619, 90.28, 30, Not Active, Not Active, Not Active;
1786523598.766951304,0, 1305, 2619, 294.08, 48, Not Active, Not Active, Not Active;1, 1305, 2619, 91.26, 31, Not Active, Not Active, Not Active;2, 1305, 2619, 93.53, 33, Not Active, Not Active, Not Active;3, 1305, 2619, 89.11, 30, Not Active, Not Active, Not Active;
1786523599.049430789,0, 1305, 2619, 285.36, 47, Not Active, Not Active, Not Active;1, 1305, 2619, 91.04, 31, Not Active, Not Active, Not Active;2, 1305, 2619, 89.76, 33, Not Active, Not Active, Not Active;3, 1305, 2619, 86.18, 30, Not Active, Not Active, Not Active;
1786523599.407431818,0, 1305, 2619, 260.52, 47, Not Active, Not Active, Not Active;1, 1305, 2619, 91.31, 31, Not Active, Not Active, Not Active;2, 1305, 2619, 84.79, 33, Not Active, Not Active, Not Active;3, 1305, 2619, 81.62, 30, Not Active, Not Active, Not Active;
1786523599.995582234,0, 1305, 2619, 255.95, 47, Not Active, Not Active, Not Active;1, 1305, 2619, 91.45, 31, Not Active, Not Active, Not Active;2, 1305, 2619, 84.73, 33, Not Active, Not Active, Not Active;3, 1305, 2619, 81.62, 30, Not Active, Not Active, Not Active;
1786523600.275622201,0, 1305, 2619, 268.12, 47, Not Active, Not Active, Not Active;1, 1305, 2619, 87.20, 31, Not Active, Not Active, Not Active;2, 1305, 2619, 85.82, 33, Not Active, Not Active, Not Active;3, 1305, 2619, 83.19, 31, Not Active, Not Active, Not Active;
1786523600.563391823,0, 1305, 2619, 276.58, 47, Not Active, Not Active, Not Active;1, 1305, 2619, 87.63, 32, Not Active, Not Active, Not Active;2, 1305, 2619, 89.69, 33, Not Active, Not Active, Not Active;3, 1305, 2619, 86.42, 31, Not Active, Not Active, Not Active;
1786523600.848181013,0, 1305, 2619, 276.18, 47, Not Active, Not Active, Not Active;1, 1305, 2619, 90.23, 32, Not Active, Not Active, Not Active;2, 1305, 2619, 92.57, 33, Not Active, Not Active, Not Active;3, 1305, 2619, 89.82, 31, Not Active, Not Active, Not Active;
1786523601.130288146,0, 1305, 2619, 290.78, 52, Not Active, Not Active, Not Active;1, 1305, 2619, 91.93, 31, Not Active, Not Active, Not Active;2, 1305, 2619, 94.24, 33, Not Active, Not Active, Not Active;3, 1305, 2619, 89.88, 30, Not Active, Not Active, Not Active;
1786523601.418242195,0, 1305, 2619, 335.76, 53, Not Active, Not Active, Not Active;1, 1305, 2619, 89.46, 31, Not Active, Not Active, Not Active;2, 1305, 2619, 90.46, 33, Not Active, Not Active, Not Active;3, 1305, 2619, 88.45, 30, Not Active, Not Active, Not Active;
1786523601.709112988,0, 1305, 2619, 376.38, 53, Not Active, Not Active, Not Active;1, 1305, 2619, 90.41, 32, Not Active, Not Active, Not Active;2, 1305, 2619, 88.78, 33, Not Active, Not Active, Not Active;3, 1305, 2619, 85.11, 30, Not Active, Not Active, Not Active;
1786523601.993892561,0, 1305, 2619, 403.07, 50, Not Active, Not Active, Not Active;1, 1305, 2619, 89.53, 31, Not Active, Not Active, Not Active;2, 1305, 2619, 84.58, 33, Not Active, Not Active, Not Active;3, 1305, 2619, 81.68, 30, Not Active, Not Active, Not Active;
1786523602.332265002,0, 1305, 2619, 328.28, 49, Not Active, Not Active, Not Active;1, 1305, 2619, 87.67, 31, Not Active, Not Active, Not Active;2, 1305, 2619, 84.61, 33, Not Active, Not Active, Not Active;3, 1305, 2619, 82.71, 31, Not Active, Not Active, Not Active;
1786523602.905889781,0, 1305, 2619, 302.80, 49, Not Active, Not Active, Not Active;1, 1305, 2619, 87.19, 32, Not Active, Not Active, Not Active;2, 1305, 2619, 88.36, 33, Not Active, Not Active, Not Active;3, 1305, 2619, 85.99, 31, Not Active, Not Active, Not Active;
1786523603.181952559,0, 1305, 2619, 295.45, 49, Not Active, Not Active, Not Active;1, 1305, 2619, 90.03, 32, Not Active, Not Active, Not Active;2, 1305, 2619, 91.47, 33, Not Active, Not Active, Not Active;3, 1305, 2619, 89.33, 31, Not Active, Not Active, Not Active;
1786523603.469220795,0, 1305, 2619, 317.00, 52, Not Active, Not Active, Not Active;1, 1305, 2619, 90.59, 31, Not Active, Not Active, Not Active;2, 1305, 2619, 92.72, 33, Not Active, Not Active, Not Active;3, 1305, 2619, 91.35, 30, Not Active, Not Active, Not Active;
1786523603.750319288,0, 1305, 2619, 342.68, 52, Not Active, Not Active, Not Active;1, 1305, 2619, 90.71, 31, Not Active, Not Active, Not Active;2, 1305, 2619, 91.51, 33, Not Active, Not Active, Not Active;3, 1305, 2619, 89.01, 30, Not Active, Not Active, Not Active;
1786523604.017283800,0, 1305, 2619, 327.09, 49, Not Active, Not Active, Not Active;1, 1305, 2619, 91.87, 32, Not Active, Not Active, Not Active;2, 1305, 2619, 87.19, 33, Not Active, Not Active, Not Active;3, 1305, 2619, 86.17, 30, Not Active, Not Active, Not Active;
1786523604.304745290,0, 1305, 2619, 314.59, 49, Not Active, Not Active, Not Active;1, 1305, 2619, 93.21, 32, Not Active, Not Active, Not Active;2, 1305, 2619, 84.65, 33, Not Active, Not Active, Not Active;3, 1305, 2619, 82.83, 30, Not Active, Not Active, Not Active;
1786523604.578330378,0, 1305, 2619, 284.51, 48, Not Active, Not Active, Not Active;1, 1305, 2619, 94.79, 31, Not Active, Not Active, Not Active;2, 1305, 2619, 84.61, 33, Not Active, Not Active, Not Active;3, 1305, 2619, 81.78, 30, Not Active, Not Active, Not Active;
1786523604.941536978,0, 1305, 2619, 271.39, 48, Not Active, Not Active, Not Active;1, 1305, 2619, 90.17, 31, Not Active, Not Active, Not Active;2, 1305, 2619, 85.32, 33, Not Active, Not Active, Not Active;3, 1305, 2619, 83.03, 31, Not Active, Not Active, Not Active;
1786523605.480350361,0, 1305, 2619, 275.61, 48, Not Active, Not Active, Not Active;1, 1305, 2619, 87.66, 32, Not Active, Not Active, Not Active;2, 1305, 2619, 88.86, 33, Not Active, Not Active, Not Active;3, 1305, 2619, 86.81, 31, Not Active, Not Active, Not Active;
1786523605.768139730,0, 1305, 2619, 270.71, 48, Not Active, Not Active, Not Active;1, 1305, 2619, 90.76, 32, Not Active, Not Active, Not Active;2, 1305, 2619, 92.35, 33, Not Active, Not Active, Not Active;3, 1305, 2619, 89.80, 31, Not Active, Not Active, Not Active;
1786523606.050400573,0, 1305, 2619, 340.55, 57, Not Active, Not Active, Not Active;1, 1305, 2619, 91.82, 31, Not Active, Not Active, Not Active;2, 1305, 2619, 93.47, 33, Not Active, Not Active, Not Active;3, 1305, 2619, 91.39, 30, Not Active, Not Active, Not Active;
1786523606.356128202,0, 1305, 2619, 447.16, 57, Not Active, Not Active, Not Active;1, 1305, 2619, 90.45, 32, Not Active, Not Active, Not Active;2, 1305, 2619, 89.69, 33, Not Active, Not Active, Not Active;3, 1305, 2619, 86.30, 30, Not Active, Not Active, Not Active;
1786523606.768297486,0, 1305, 2619, 537.57, 57, Not Active, Not Active, Not Active;1, 1305, 2619, 91.80, 32, Not Active, Not Active, Not Active;2, 1305, 2619, 85.82, 33, Not Active, Not Active, Not Active;3, 1305, 2619, 83.53, 30, Not Active, Not Active, Not Active;
1786523607.069791203,0, 1305, 2619, 511.56, 53, Not Active, Not Active, Not Active;1, 1305, 2619, 91.84, 31, Not Active, Not Active, Not Active;2, 1305, 2619, 84.52, 33, Not Active, Not Active, Not Active;3, 1305, 2619, 81.61, 30, Not Active, Not Active, Not Active;
1786523607.358111934,0, 1305, 2619, 413.61, 52, Not Active, Not Active, Not Active;1, 1305, 2619, 90.41, 31, Not Active, Not Active, Not Active;2, 1305, 2619, 84.52, 33, Not Active, Not Active, Not Active;3, 1305, 2619, 81.55, 30, Not Active, Not Active, Not Active;
1786523607.727672040,0, 1305, 2619, 338.08, 52, Not Active, Not Active, Not Active;1, 1305, 2619, 86.79, 32, Not Active, Not Active, Not Active;2, 1305, 2619, 87.98, 33, Not Active, Not Active, Not Active;3, 1305, 2619, 84.99, 31, Not Active, Not Active, Not Active;
1786523608.122715107,0, 1305, 2619, 318.94, 52, Not Active, Not Active, Not Active;1, 1305, 2619, 91.57, 32, Not Active, Not Active, Not Active;2, 1305, 2619, 93.43, 33, Not Active, Not Active, Not Active;3, 1305, 2619, 91.25, 31, Not Active, Not Active, Not Active;
1786523608.579471083,0, 1305, 2619, 404.69, 58, Not Active, Not Active, Not Active;1, 1305, 2619, 90.77, 31, Not Active, Not Active, Not Active;2, 1305, 2619, 93.73, 33, Not Active, Not Active, Not Active;3, 1305, 2619, 90.28, 31, Not Active, Not Active, Not Active;
1786523608.867905763,0, 1305, 2619, 456.77, 54, Not Active, Not Active, Not Active;1, 1305, 2619, 90.04, 32, Not Active, Not Active, Not Active;2, 1305, 2619, 89.92, 33, Not Active, Not Active, Not Active;3, 1305, 2619, 87.24, 30, Not Active, Not Active, Not Active;
1786523609.153431741,0, 1305, 2619, 443.79, 51, Not Active, Not Active, Not Active;1, 1305, 2619, 91.61, 32, Not Active, Not Active, Not Active;2, 1305, 2619, 87.19, 33, Not Active, Not Active, Not Active;3, 1305, 2619, 82.82, 30, Not Active, Not Active, Not Active;
1786523609.441825455,0, 1305, 2619, 414.03, 50, Not Active, Not Active, Not Active;1, 1305, 2619, 92.64, 32, Not Active, Not Active, Not Active;2, 1305, 2619, 84.61, 33, Not Active, Not Active, Not Active;3, 1305, 2619, 81.58, 30, Not Active, Not Active, Not Active;
1786523609.716143453,0, 1305, 2619, 297.73, 51, Not Active, Not Active, Not Active;1, 1305, 2619, 94.28, 31, Not Active, Not Active, Not Active;2, 1305, 2619, 84.61, 33, Not Active, Not Active, Not Active;3, 1305, 2619, 81.65, 30, Not Active, Not Active, Not Active;
1786523610.001113873,0, 1305, 2619, 275.26, 51, Not Active, Not Active, Not Active;1, 1305, 2619, 92.61, 31, Not Active, Not Active, Not Active;2, 1305, 2619, 84.61, 33, Not Active, Not Active, Not Active;3, 1305, 2619, 81.65, 31, Not Active, Not Active, Not Active;
1786523610.281538105,0, 1305, 2619, 283.90, 50, Not Active, Not Active, Not Active;1, 1305, 2619, 87.52, 32, Not Active, Not Active, Not Active;2, 1305, 2619, 87.01, 33, Not Active, Not Active, Not Active;3, 1305, 2619, 83.78, 31, Not Active, Not Active, Not Active;
1786523610.603814575,0, 1305, 2619, 282.39, 49, Not Active, Not Active, Not Active;1, 1305, 2619, 87.86, 32, Not Active, Not Active, Not Active;2, 1305, 2619, 93.97, 34, Not Active, Not Active, Not Active;3, 1305, 2619, 91.73, 31, Not Active, Not Active, Not Active;
1786523611.204365954,0, 1305, 2619, 318.11, 58, Not Active, Not Active, Not Active;1, 1305, 2619, 91.36, 31, Not Active, Not Active, Not Active;2, 1305, 2619, 94.27, 33, Not Active, Not Active, Not Active;3, 1305, 2619, 90.86, 31, Not Active, Not Active, Not Active;
1786523611.484811474,0, 1305, 2619, 449.43, 62, Not Active, Not Active, Not Active;1, 1305, 2619, 88.96, 31, Not Active, Not Active, Not Active;2, 1305, 2619, 90.29, 33, Not Active, Not Active, Not Active;3, 1305, 2619, 86.84, 31, Not Active, Not Active, Not Active;
1786523611.785673048,0, 1305, 2619, 558.65, 60, Not Active, Not Active, Not Active;1, 1305, 2619, 85.69, 32, Not Active, Not Active, Not Active;2, 1305, 2619, 86.38, 33, Not Active, Not Active, Not Active;3, 1305, 2619, 83.02, 31, Not Active, Not Active, Not Active;
1786523612.059954309,0, 1305, 2619, 614.90, 60, Not Active, Not Active, Not Active;1, 1305, 2619, 88.47, 32, Not Active, Not Active, Not Active;2, 1305, 2619, 84.76, 33, Not Active, Not Active, Not Active;3, 1305, 2619, 81.76, 31, Not Active, Not Active, Not Active;
1786523612.349018553,0, 1305, 2619, 575.24, 59, Not Active, Not Active, Not Active;1, 1305, 2619, 92.21, 32, Not Active, Not Active, Not Active;2, 1305, 2619, 84.68, 33, Not Active, Not Active, Not Active;3, 1305, 2619, 81.75, 31, Not Active, Not Active, Not Active;
1786523612.617798109,0, 1305, 2619, 524.95, 59, Not Active, Not Active, Not Active;1, 1305, 2619, 92.81, 31, Not Active, Not Active, Not Active;2, 1305, 2619, 84.65, 33, Not Active, Not Active, Not Active;3, 1305, 2619, 81.72, 31, Not Active, Not Active, Not Active;
1786523612.897846667,0, 1305, 2619, 475.98, 58, Not Active, Not Active, Not Active;1, 1305, 2619, 91.32, 31, Not Active, Not Active, Not Active;2, 1305, 2619, 84.62, 33, Not Active, Not Active, Not Active;3, 1305, 2619, 81.76, 31, Not Active, Not Active, Not Active;
1786523613.182444575,0, 1305, 2619, 457.89, 57, Not Active, Not Active, Not Active;1, 1305, 2619, 88.10, 32, Not Active, Not Active, Not Active;2, 1305, 2619, 87.25, 33, Not Active, Not Active, Not Active;3, 1305, 2619, 84.64, 31, Not Active, Not Active, Not Active;
1786523613.529370727,0, 1305, 2619, 422.69, 57, Not Active, Not Active, Not Active;1, 1305, 2619, 90.42, 32, Not Active, Not Active, Not Active;2, 1305, 2619, 92.89, 34, Not Active, Not Active, Not Active;3, 1305, 2619, 90.96, 31, Not Active, Not Active, Not Active;
1786523614.018458933,0, 1305, 2619, 445.09, 60, Not Active, Not Active, Not Active;1, 1305, 2619, 92.22, 31, Not Active, Not Active, Not Active;2, 1305, 2619, 93.81, 33, Not Active, Not Active, Not Active;3, 1305, 2619, 90.17, 31, Not Active, Not Active, Not Active;
1786523614.322000882,0, 1305, 2619, 487.35, 61, Not Active, Not Active, Not Active;1, 1305, 2619, 90.24, 31, Not Active, Not Active, Not Active;2, 1305, 2619, 90.88, 33, Not Active, Not Active, Not Active;3, 1305, 2619, 88.21, 31, Not Active, Not Active, Not Active;
1786523614.607622821,0, 1305, 2619, 519.18, 56, Not Active, Not Active, Not Active;1, 1305, 2619, 87.59, 32, Not Active, Not Active, Not Active;2, 1305, 2619, 89.04, 33, Not Active, Not Active, Not Active;3, 1305, 2619, 84.39, 31, Not Active, Not Active, Not Active;
1786523614.882111482,0, 1305, 2619, 470.75, 54, Not Active, Not Active, Not Active;1, 1305, 2619, 90.16, 32, Not Active, Not Active, Not Active;2, 1305, 2619, 85.58, 33, Not Active, Not Active, Not Active;3, 1305, 2619, 81.85, 31, Not Active, Not Active, Not Active;
1786523615.170778927,0, 1305, 2619, 386.88, 53, Not Active, Not Active, Not Active;1, 1305, 2619, 95.91, 32, Not Active, Not Active, Not Active;2, 1305, 2619, 84.67, 33, Not Active, Not Active, Not Active;3, 1305, 2619, 81.62, 31, Not Active, Not Active, Not Active;
1786523615.451787025,0, 1305, 2619, 355.96, 56, Not Active, Not Active, Not Active;1, 1305, 2619, 95.26, 31, Not Active, Not Active, Not Active;2, 1305, 2619, 84.61, 33, Not Active, Not Active, Not Active;3, 1305, 2619, 81.59, 31, Not Active, Not Active, Not Active;
1786523615.729596320,0, 1305, 2619, 354.23, 57, Not Active, Not Active, Not Active;1, 1305, 2619, 91.93, 31, Not Active, Not Active, Not Active;2, 1305, 2619, 84.64, 33, Not Active, Not Active, Not Active;3, 1305, 2619, 81.56, 31, Not Active, Not Active, Not Active;
1786523616.061416654,0, 1305, 2619, 376.56, 54, Not Active, Not Active, Not Active;1, 1305, 2619, 87.93, 32, Not Active, Not Active, Not Active;2, 1305, 2619, 86.95, 34, Not Active, Not Active, Not Active;3, 1305, 2619, 88.55, 31, Not Active, Not Active, Not Active;
1786523616.688887573,0, 1305, 2619, 285.70, 48, Not Active, Not Active, Not Active;1, 1305, 2619, 93.61, 32, Not Active, Not Active, Not Active;2, 1305, 2619, 94.49, 33, Not Active, Not Active, Not Active;3, 1305, 2619, 90.62, 31, Not Active, Not Active, Not Active;
1786523617.076105531,0, 1305, 2619, 360.41, 62, Not Active, Not Active, Not Active;1, 1305, 2619, 90.84, 31, Not Active, Not Active, Not Active;2, 1305, 2619, 92.87, 33, Not Active, Not Active, Not Active;3, 1305, 2619, 89.46, 31, Not Active, Not Active, Not Active;
1786523617.381644944,0, 1305, 2619, 461.80, 64, Not Active, Not Active, Not Active;1, 1305, 2619, 86.60, 31, Not Active, Not Active, Not Active;2, 1305, 2619, 89.62, 33, Not Active, Not Active, Not Active;3, 1305, 2619, 85.72, 31, Not Active, Not Active, Not Active;
1786523617.670924702,0, 1305, 2619, 552.83, 63, Not Active, Not Active, Not Active;1, 1305, 2619, 87.62, 32, Not Active, Not Active, Not Active;2, 1305, 2619, 84.68, 33, Not Active, Not Active, Not Active;3, 1305, 2619, 81.75, 31, Not Active, Not Active, Not Active;
1786523617.963343159,0, 1305, 2619, 622.00, 63, Not Active, Not Active, Not Active;1, 1305, 2619, 93.78, 32, Not Active, Not Active, Not Active;2, 1305, 2619, 84.74, 33, Not Active, Not Active, Not Active;3, 1305, 2619, 81.68, 31, Not Active, Not Active, Not Active;
1786523618.255028421,0, 1305, 2619, 608.89, 63, Not Active, Not Active, Not Active;1, 1305, 2619, 98.48, 32, Not Active, Not Active, Not Active;2, 1305, 2619, 84.75, 33, Not Active, Not Active, Not Active;3, 1305, 2619, 81.67, 31, Not Active, Not Active, Not Active;
1786523618.547737248,0, 1305, 2619, 613.04, 65, Not Active, Not Active, Not Active;1, 1305, 2619, 97.08, 31, Not Active, Not Active, Not Active;2, 1305, 2619, 84.79, 33, Not Active, Not Active, Not Active;3, 1305, 2619, 81.73, 31, Not Active, Not Active, Not Active;
1786523618.887213798,0, 1305, 2619, 653.59, 65, Not Active, Not Active, Not Active;1, 1305, 2619, 90.94, 31, Not Active, Not Active, Not Active;2, 1305, 2619, 85.69, 33, Not Active, Not Active, Not Active;3, 1305, 2619, 81.79, 31, Not Active, Not Active, Not Active;
1786523619.456233332,0, 1305, 2619, 599.99, 62, Not Active, Not Active, Not Active;1, 1305, 2619, 90.48, 32, Not Active, Not Active, Not Active;2, 1305, 2619, 91.58, 34, Not Active, Not Active, Not Active;3, 1305, 2619, 89.54, 31, Not Active, Not Active, Not Active;
1786523619.748053659,0, 1305, 2619, 508.05, 64, Not Active, Not Active, Not Active;1, 1305, 2619, 93.05, 32, Not Active, Not Active, Not Active;2, 1305, 2619, 93.93, 33, Not Active, Not Active, Not Active;3, 1305, 2619, 91.23, 31, Not Active, Not Active, Not Active;
1786523620.075911536,0, 1305, 2619, 519.86, 65, Not Active, Not Active, Not Active;1, 1305, 2619, 90.44, 31, Not Active, Not Active, Not Active;2, 1305, 2619, 93.08, 33, Not Active, Not Active, Not Active;3, 1305, 2619, 89.26, 31, Not Active, Not Active, Not Active;
1786523620.368607217,0, 1305, 2619, 538.83, 65, Not Active, Not Active, Not Active;1, 1305, 2619, 86.36, 31, Not Active, Not Active, Not Active;2, 1305, 2619, 89.46, 33, Not Active, Not Active, Not Active;3, 1305, 2619, 85.72, 31, Not Active, Not Active, Not Active;
1786523620.652380461,0, 1305, 2619, 499.29, 57, Not Active, Not Active, Not Active;1, 1305, 2619, 89.18, 32, Not Active, Not Active, Not Active;2, 1305, 2619, 85.88, 33, Not Active, Not Active, Not Active;3, 1305, 2619, 82.21, 31, Not Active, Not Active, Not Active;
1786523620.957585566,0, 1305, 2619, 424.28, 56, Not Active, Not Active, Not Active;1, 1305, 2619, 94.84, 32, Not Active, Not Active, Not Active;2, 1305, 2619, 84.72, 33, Not Active, Not Active, Not Active;3, 1305, 2619, 81.76, 31, Not Active, Not Active, Not Active;
1786523621.256337532,0, 1305, 2619, 414.26, 60, Not Active, Not Active, Not Active;1, 1305, 2619, 98.62, 32, Not Active, Not Active, Not Active;2, 1305, 2619, 84.67, 33, Not Active, Not Active, Not Active;3, 1305, 2619, 81.70, 31, Not Active, Not Active, Not Active;
1786523621.627795085,0, 1305, 2619, 449.63, 63, Not Active, Not Active, Not Active;1, 1305, 2619, 93.14, 31, Not Active, Not Active, Not Active;2, 1305, 2619, 84.67, 33, Not Active, Not Active, Not Active;3, 1305, 2619, 81.68, 31, Not Active, Not Active, Not Active;
1786523621.990186308,0, 1305, 2619, 477.46, 56, Not Active, Not Active, Not Active;1, 1305, 2619, 87.92, 32, Not Active, Not Active, Not Active;2, 1305, 2619, 90.09, 34, Not Active, Not Active, Not Active;3, 1305, 2619, 87.37, 31, Not Active, Not Active, Not Active;
1786523622.451445497,0, 1305, 2619, 435.50, 55, Not Active, Not Active, Not Active;1, 1305, 2619, 92.54, 32, Not Active, Not Active, Not Active;2, 1305, 2619, 94.33, 34, Not Active, Not Active, Not Active;3, 1305, 2619, 91.62, 31, Not Active, Not Active, Not Active;
1786523622.729174963,0, 1305, 2619, 370.55, 64, Not Active, Not Active, Not Active;1, 1305, 2619, 92.81, 31, Not Active, Not Active, Not Active;2, 1305, 2619, 95.73, 33, Not Active, Not Active, Not Active;3, 1305, 2619, 92.73, 31, Not Active, Not Active, Not Active;
1786523623.084494656,0, 1305, 2619, 487.99, 67, Not Active, Not Active, Not Active;1, 1305, 2619, 90.31, 31, Not Active, Not Active, Not Active;2, 1305, 2619, 92.47, 33, Not Active, Not Active, Not Active;3, 1305, 2619, 89.17, 31, Not Active, Not Active, Not Active;
1786523623.371221558,0, 1305, 2619, 625.43, 64, Not Active, Not Active, Not Active;1, 1305, 2619, 88.28, 32, Not Active, Not Active, Not Active;2, 1305, 2619, 88.62, 33, Not Active, Not Active, Not Active;3, 1305, 2619, 85.38, 31, Not Active, Not Active, Not Active;
1786523623.657370239,0, 1305, 2619, 701.79, 65, Not Active, Not Active, Not Active;1, 1305, 2619, 90.59, 32, Not Active, Not Active, Not Active;2, 1305, 2619, 84.89, 33, Not Active, Not Active, Not Active;3, 1305, 2619, 81.85, 31, Not Active, Not Active, Not Active;
1786523623.956152293,0, 1305, 2619, 681.40, 65, Not Active, Not Active, Not Active;1, 1305, 2619, 96.65, 32, Not Active, Not Active, Not Active;2, 1305, 2619, 84.81, 33, Not Active, Not Active, Not Active;3, 1305, 2619, 81.81, 31, Not Active, Not Active, Not Active;
1786523624.257584296,0, 1305, 2619, 616.96, 67, Not Active, Not Active, Not Active;1, 1305, 2619, 99.45, 31, Not Active, Not Active, Not Active;2, 1305, 2619, 84.84, 33, Not Active, Not Active, Not Active;3, 1305, 2619, 81.78, 31, Not Active, Not Active, Not Active;
1786523624.677171429,0, 1305, 2619, 609.46, 65, Not Active, Not Active, Not Active;1, 1305, 2619, 86.68, 32, Not Active, Not Active, Not Active;2, 1305, 2619, 87.31, 34, Not Active, Not Active, Not Active;3, 1305, 2619, 84.50, 31, Not Active, Not Active, Not Active;
1786523625.281182710,0, 1305, 2619, 615.07, 65, Not Active, Not Active, Not Active;1, 1305, 2619, 89.36, 32, Not Active, Not Active, Not Active;2, 1305, 2619, 91.29, 34, Not Active, Not Active, Not Active;3, 1305, 2619, 87.80, 31, Not Active, Not Active, Not Active;
1786523625.560686377,0, 1305, 2619, 582.97, 60, Not Active, Not Active, Not Active;1, 1305, 2619, 92.38, 32, Not Active, Not Active, Not Active;2, 1305, 2619, 94.25, 34, Not Active, Not Active, Not Active;3, 1305, 2619, 90.33, 31, Not Active, Not Active, Not Active;
1786523625.857284488,0, 1305, 2619, 541.20, 66, Not Active, Not Active, Not Active;1, 1305, 2619, 91.99, 31, Not Active, Not Active, Not Active;2, 1305, 2619, 93.93, 33, Not Active, Not Active, Not Active;3, 1305, 2619, 90.32, 31, Not Active, Not Active, Not Active;
1786523626.149661333,0, 1305, 2619, 583.64, 67, Not Active, Not Active, Not Active;1, 1305, 2619, 88.69, 31, Not Active, Not Active, Not Active;2, 1305, 2619, 89.50, 33, Not Active, Not Active, Not Active;3, 1305, 2619, 84.68, 31, Not Active, Not Active, Not Active;
1786523626.530218832,0, 1305, 2619, 541.87, 59, Not Active, Not Active, Not Active;1, 1305, 2619, 89.48, 32, Not Active, Not Active, Not Active;2, 1305, 2619, 84.75, 33, Not Active, Not Active, Not Active;3, 1305, 2619, 82.08, 31, Not Active, Not Active, Not Active;
1786523626.887786521,0, 1305, 2619, 503.42, 57, Not Active, Not Active, Not Active;1, 1305, 2619, 95.15, 32, Not Active, Not Active, Not Active;2, 1305, 2619, 84.76, 33, Not Active, Not Active, Not Active;3, 1305, 2619, 81.78, 30, Not Active, Not Active, Not Active;
1786523627.171562855,0, 1305, 2619, 396.35, 62, Not Active, Not Active, Not Active;1, 1305, 2619, 100.07, 31, Not Active, Not Active, Not Active;2, 1305, 2619, 84.75, 33, Not Active, Not Active, Not Active;3, 1305, 2619, 81.72, 30, Not Active, Not Active, Not Active;
1786523627.528914912,0, 1305, 2619, 507.14, 61, Not Active, Not Active, Not Active;1, 1305, 2619, 88.58, 31, Not Active, Not Active, Not Active;2, 1305, 2619, 84.76, 33, Not Active, Not Active, Not Active;3, 1305, 2619, 81.72, 31, Not Active, Not Active, Not Active;
1786523628.077810865,0, 1305, 2619, 474.58, 57, Not Active, Not Active, Not Active;1, 1305, 2619, 86.85, 32, Not Active, Not Active, Not Active;2, 1305, 2619, 89.89, 33, Not Active, Not Active, Not Active;3, 1305, 2619, 85.59, 31, Not Active, Not Active, Not Active;
1786523628.417281681,0, 1305, 2619, 414.87, 56, Not Active, Not Active, Not Active;1, 1305, 2619, 91.27, 32, Not Active, Not Active, Not Active;2, 1305, 2619, 94.74, 34, Not Active, Not Active, Not Active;3, 1305, 2619, 90.20, 31, Not Active, Not Active, Not Active;
1786523628.702782007,0, 1305, 2619, 310.42, 58, Not Active, Not Active, Not Active;1, 1305, 2619, 93.08, 31, Not Active, Not Active, Not Active;2, 1305, 2619, 95.10, 33, Not Active, Not Active, Not Active;3, 1305, 2619, 91.45, 30, Not Active, Not Active, Not Active;
1786523629.076964655,0, 1305, 2619, 433.67, 65, Not Active, Not Active, Not Active;1, 1305, 2619, 89.86, 31, Not Active, Not Active, Not Active;2, 1305, 2619, 91.90, 33, Not Active, Not Active, Not Active;3, 1305, 2619, 88.17, 30, Not Active, Not Active, Not Active;
1786523629.378897093,0, 1305, 2619, 557.87, 67, Not Active, Active, Not Active;1, 1305, 2619, 85.42, 31, Not Active, Not Active, Not Active;2, 1305, 2619, 88.61, 33, Not Active, Not Active, Not Active;3, 1305, 2619, 84.99, 30, Not Active, Not Active, Not Active;
1786523629.652134985,0, 1305, 2619, 589.64, 63, Not Active, Not Active, Not Active;1, 1305, 2619, 84.85, 31, Not Active, Not Active, Not Active;2, 1305, 2619, 84.73, 33, Not Active, Not Active, Not Active;3, 1305, 2619, 81.66, 30, Not Active, Not Active, Not Active;
1786523629.992401735,0, 1305, 2619, 623.02, 65, Not Active, Not Active, Not Active;1, 1305, 2619, 92.85, 32, Not Active, Not Active, Not Active;2, 1305, 2619, 84.69, 33, Not Active, Not Active, Not Active;3, 1305, 2619, 81.65, 30, Not Active, Not Active, Not Active;
1786523630.386555356,0, 1305, 2619, 545.27, 65, Not Active, Not Active, Not Active;1, 1305, 2619, 97.25, 31, Not Active, Not Active, Not Active;2, 1305, 2619, 84.67, 33, Not Active, Not Active, Not Active;3, 1305, 2619, 81.73, 30, Not Active, Not Active, Not Active;
1786523630.919856325,0, 1305, 2619, 601.72, 67, Not Active, Not Active, Not Active;1, 1305, 2619, 93.08, 31, Not Active, Not Active, Not Active;2, 1305, 2619, 84.65, 33, Not Active, Not Active, Not Active;3, 1305, 2619, 81.68, 30, Not Active, Not Active, Not Active;
1786523631.225111818,0, 1305, 2619, 620.70, 66, Not Active, Active, Not Active;1, 1305, 2619, 84.92, 31, Not Active, Not Active, Not Active;2, 1305, 2619, 84.65, 33, Not Active, Not Active, Not Active;3, 1305, 2619, 81.62, 30, Not Active, Not Active, Not Active;
1786523631.483656468,0, 1305, 2619, 562.58, 63, Not Active, Not Active, Not Active;1, 1305, 2619, 83.61, 31, Not Active, Not Active, Not Active;2, 1305, 2619, 85.99, 33, Not Active, Not Active, Not Active;3, 1305, 2619, 83.99, 31, Not Active, Not Active, Not Active;
1786523631.775575547,0, 1305, 2619, 606.41, 64, Not Active, Not Active, Not Active;1, 1305, 2619, 87.70, 31, Not Active, Not Active, Not Active;2, 1305, 2619, 89.99, 33, Not Active, Not Active, Not Active;3, 1305, 2619, 88.49, 31, Not Active, Not Active, Not Active;
1786523632.078020504,0, 1305, 2619, 574.87, 65, Not Active, Not Active, Not Active;1, 1305, 2619, 92.84, 31, Not Active, Not Active, Not Active;2, 1305, 2619, 95.06, 33, Not Active, Not Active, Not Active;3, 1305, 2619, 91.91, 31, Not Active, Not Active, Not Active;
1786523632.375092564,0, 1305, 2619, 573.23, 61, Not Active, Not Active, Not Active;1, 1305, 2619, 92.63, 31, Not Active, Not Active, Not Active;2, 1305, 2619, 96.25, 33, Not Active, Not Active, Not Active;3, 1305, 2619, 91.93, 30, Not Active, Not Active, Not Active;
1786523632.670864600,0, 1305, 2619, 581.19, 64, Not Active, Not Active, Not Active;1, 1305, 2619, 90.01, 31, Not Active, Not Active, Not Active;2, 1305, 2619, 90.31, 33, Not Active, Not Active, Not Active;3, 1305, 2619, 87.03, 30, Not Active, Not Active, Not Active;
1786523633.079979555,0, 1305, 2619, 556.09, 57, Not Active, Not Active, Not Active;1, 1305, 2619, 87.38, 31, Not Active, Not Active, Not Active;2, 1305, 2619, 84.58, 33, Not Active, Not Active, Not Active;3, 1305, 2619, 81.60, 30, Not Active, Not Active, Not Active;
1786523633.675987157,0, 1305, 2619, 467.44, 56, Not Active, Not Active, Not Active;1, 1305, 2619, 94.37, 31, Not Active, Not Active, Not Active;2, 1305, 2619, 84.55, 33, Not Active, Not Active, Not Active;3, 1305, 2619, 81.58, 30, Not Active, Not Active, Not Active;
1786523633.967186610,0, 1305, 2619, 339.15, 53, Not Active, Not Active, Not Active;1, 1305, 2619, 99.03, 31, Not Active, Not Active, Not Active;2, 1305, 2619, 84.50, 32, Not Active, Not Active, Not Active;3, 1305, 2619, 81.58, 30, Not Active, Not Active, Not Active;
1786523634.276879957,0, 1305, 2619, 400.73, 60, Not Active, Not Active, Not Active;1, 1305, 2619, 98.18, 31, Not Active, Not Active, Not Active;2, 1305, 2619, 84.47, 32, Not Active, Not Active, Not Active;3, 1305, 2619, 81.58, 30, Not Active, Not Active, Not Active;
1786523634.567314770,0, 1305, 2619, 488.64, 63, Not Active, Not Active, Not Active;1, 1305, 2619, 92.41, 31, Not Active, Not Active, Not Active;2, 1305, 2619, 84.40, 32, Not Active, Not Active, Not Active;3, 1305, 2619, 81.61, 30, Not Active, Not Active, Not Active;
1786523634.851326808,0, 1305, 2619, 532.46, 64, Not Active, Not Active, Not Active;1, 1305, 2619, 85.96, 31, Not Active, Not Active, Not Active;2, 1305, 2619, 84.41, 32, Not Active, Not Active, Not Active;3, 1305, 2619, 81.66, 30, Not Active, Not Active, Not Active;
1786523635.142778021,0, 1305, 2619, 532.40, 56, Not Active, Not Active, Not Active;1, 1305, 2619, 85.09, 31, Not Active, Not Active, Not Active;2, 1305, 2619, 86.76, 33, Not Active, Not Active, Not Active;3, 1305, 2619, 84.60, 30, Not Active, Not Active, Not Active;
1786523635.443589281,0, 1305, 2619, 481.08, 55, Not Active, Not Active, Not Active;1, 1305, 2619, 89.14, 31, Not Active, Not Active, Not Active;2, 1305, 2619, 91.52, 33, Not Active, Not Active, Not Active;3, 1305, 2619, 88.39, 30, Not Active, Not Active, Not Active;
1786523635.781503627,0, 1305, 2619, 370.51, 55, Not Active, Not Active, Not Active;1, 1305, 2619, 93.53, 31, Not Active, Not Active, Not Active;2, 1305, 2619, 97.27, 33, Not Active, Not Active, Not Active;3, 1305, 2619, 92.48, 30, Not Active, Not Active, Not Active;
1786523636.354493520,0, 1290, 2619, 342.12, 60, Not Active, Active, Not Active;1, 1305, 2619, 90.42, 31, Not Active, Not Active, Not Active;2, 1305, 2619, 91.22, 32, Not Active, Not Active, Not Active;3, 1305, 2619, 88.63, 30, Not Active, Not Active, Not Active;
1786523636.725460337,0, 1290, 2619, 451.20, 64, Not Active, Active, Not Active;1, 1305, 2619, 84.88, 31, Not Active, Not Active, Not Active;2, 1305, 2619, 85.83, 32, Not Active, Not Active, Not Active;3, 1305, 2619, 84.46, 30, Not Active, Not Active, Not Active;
1786523637.002683285,0, 1305, 2619, 547.66, 56, Not Active, Not Active, Not Active;1, 1305, 2619, 82.64, 31, Not Active, Not Active, Not Active;2, 1305, 2619, 84.50, 32, Not Active, Not Active, Not Active;3, 1305, 2619, 81.67, 30, Not Active, Not Active, Not Active;
1786523637.293099756,0, 1305, 2619, 603.53, 60, Not Active, Not Active, Not Active;1, 1305, 2619, 84.65, 31, Not Active, Not Active, Not Active;2, 1305, 2619, 84.43, 32, Not Active, Not Active, Not Active;3, 1305, 2619, 81.65, 30, Not Active, Not Active, Not Active;
1786523637.589503015,0, 1305, 2619, 601.33, 63, Not Active, Active, Not Active;1, 1305, 2619, 91.69, 31, Not Active, Not Active, Not Active;2, 1305, 2619, 84.47, 32, Not Active, Not Active, Not Active;3, 1305, 2619, 81.65, 30, Not Active, Not Active, Not Active;
1786523637.867457342,0, 1305, 2619, 574.54, 64, Not Active, Not Active, Not Active;1, 1305, 2619, 97.08, 31, Not Active, Not Active, Not Active;2, 1305, 2619, 84.41, 32, Not Active, Not Active, Not Active;3, 1305, 2619, 81.65, 30, Not Active, Not Active, Not Active;
1786523638.274294541,0, 1305, 2619, 558.66, 51, Not Active, Not Active, Not Active;1, 1305, 2619, 98.73, 31, Not Active, Not Active, Not Active;2, 1305, 2619, 84.37, 32, Not Active, Not Active, Not Active;3, 1305, 2619, 81.64, 30, Not Active, Not Active, Not Active;
1786523638.649811421,0, 1305, 2619, 549.84, 64, Not Active, Active, Not Active;1, 1305, 2619, 89.40, 31, Not Active, Not Active, Not Active;2, 1305, 2619, 84.28, 32, Not Active, Not Active, Not Active;3, 1305, 2619, 81.60, 30, Not Active, Not Active, Not Active;
1786523639.197653615,0, 1305, 2619, 558.22, 55, Not Active, Not Active, Not Active;1, 1305, 2619, 82.30, 31, Not Active, Not Active, Not Active;2, 1305, 2619, 84.39, 32, Not Active, Not Active, Not Active;3, 1305, 2619, 81.57, 30, Not Active, Not Active, Not Active;
1786523639.518908138,0, 1305, 2619, 560.24, 59, Not Active, Not Active, Not Active;1, 1305, 2619, 83.65, 31, Not Active, Not Active, Not Active;2, 1305, 2619, 87.26, 33, Not Active, Not Active, Not Active;3, 1305, 2619, 84.13, 30, Not Active, Not Active, Not Active;
1786523639.826895301,0, 1305, 2619, 549.26, 63, Not Active, Not Active, Not Active;1, 1305, 2619, 89.25, 31, Not Active, Not Active, Not Active;2, 1305, 2619, 91.12, 33, Not Active, Not Active, Not Active;3, 1305, 2619, 89.01, 30, Not Active, Not Active, Not Active;
1786523640.159659585,0, 1305, 2619, 571.06, 64, Not Active, Not Active, Not Active;1, 1305, 2619, 94.49, 31, Not Active, Not Active, Not Active;2, 1305, 2619, 95.15, 33, Not Active, Not Active, Not Active;3, 1305, 2619, 92.07, 30, Not Active, Not Active, Not Active;
1786523640.453348888,0, 1305, 2619, 528.57, 51, Not Active, Not Active, Not Active;1, 1305, 2619, 93.47, 31, Not Active, Not Active, Not Active;2, 1305, 2619, 95.42, 32, Not Active, Not Active, Not Active;3, 1305, 2619, 91.75, 30, Not Active, Not Active, Not Active;
1786523640.718493124,0, 1305, 2619, 504.91, 60, Not Active, Not Active, Not Active;1, 1305, 2619, 89.49, 31, Not Active, Not Active, Not Active;2, 1305, 2619, 91.46, 32, Not Active, Not Active, Not Active;3, 1305, 2619, 87.30, 30, Not Active, Not Active, Not Active;
1786523641.049421549,0, 1305, 2619, 501.76, 62, Not Active, Not Active, Not Active;1, 1305, 2619, 85.27, 30, Not Active, Not Active, Not Active;2, 1305, 2619, 84.73, 32, Not Active, Not Active, Not Active;3, 1305, 2619, 81.67, 30, Not Active, Not Active, Not Active;
1786523641.431351541,0, 1305, 2619, 545.65, 54, Not Active, Not Active, Not Active;1, 1305, 2619, 82.39, 30, Not Active, Not Active, Not Active;2, 1305, 2619, 84.50, 32, Not Active, Not Active, Not Active;3, 1305, 2619, 81.60, 30, Not Active, Not Active, Not Active;
1786523642.016162440,0, 1305, 2619, 425.45, 54, Not Active, Not Active, Not Active;1, 1305, 2619, 91.06, 31, Not Active, Not Active, Not Active;2, 1305, 2619, 84.41, 32, Not Active, Not Active, Not Active;3, 1305, 2619, 81.63, 30, Not Active, Not Active, Not Active;
1786523642.319525312,0, 1305, 2619, 316.33, 54, Not Active, Not Active, Not Active;1, 1305, 2619, 101.47, 31, Not Active, Not Active, Not Active;2, 1305, 2619, 84.41, 32, Not Active, Not Active, Not Active;3, 1305, 2619, 81.62, 30, Not Active, Not Active, Not Active;
1786523642.663271696,0, 1305, 2619, 325.42, 48, Not Active, Not Active, Not Active;1, 1305, 2619, 100.60, 31, Not Active, Not Active, Not Active;2, 1305, 2619, 84.38, 32, Not Active, Not Active, Not Active;3, 1305, 2619, 81.61, 30, Not Active, Not Active, Not Active;
1786523642.991701880,0, 1305, 2619, 343.54, 58, Not Active, Not Active, Not Active;1, 1305, 2619, 94.65, 30, Not Active, Not Active, Not Active;2, 1305, 2619, 84.35, 32, Not Active, Not Active, Not Active;3, 1305, 2619, 81.61, 30, Not Active, Not Active, Not Active;
1786523643.336379889,0, 1305, 2619, 471.03, 61, Not Active, Not Active, Not Active;1, 1305, 2619, 86.02, 30, Not Active, Not Active, Not Active;2, 1305, 2619, 84.26, 32, Not Active, Not Active, Not Active;3, 1305, 2619, 81.58, 30, Not Active, Not Active, Not Active;
1786523643.671131048,0, 1305, 2619, 559.79, 51, Not Active, Not Active, Not Active;1, 1305, 2619, 82.52, 30, Not Active, Not Active, Not Active;2, 1305, 2619, 84.22, 32, Not Active, Not Active, Not Active;3, 1305, 2619, 81.54, 30, Not Active, Not Active, Not Active;
1786523644.039043649,0, 1305, 2619, 408.55, 53, Not Active, Not Active, Not Active;1, 1305, 2619, 87.30, 31, Not Active, Not Active, Not Active;2, 1305, 2619, 90.67, 32, Not Active, Not Active, Not Active;3, 1305, 2619, 87.15, 30, Not Active, Not Active, Not Active;
1786523644.590642785,0, 1305, 2619, 304.17, 47, Not Active, Not Active, Not Active;1, 1305, 2619, 93.47, 30, Not Active, Not Active, Not Active;2, 1305, 2619, 93.62, 32, Not Active, Not Active, Not Active;3, 1305, 2619, 90.01, 30, Not Active, Not Active, Not Active;
1786523645.787068497,0, 1305, 2619, 91.86, 43, Not Active, Not Active, Not Active;1, 1305, 2619, 82.21, 30, Not Active, Not Active, Not Active;2, 1305, 2619, 84.38, 32, Not Active, Not Active, Not Active;3, 1305, 2619, 81.44, 29, Not Active, Not Active, Not Active;
1786523646.576787494,0, 1305, 2619, 90.46, 42, Not Active, Not Active, Not Active;1, 1305, 2619, 82.28, 30, Not Active, Not Active, Not Active;2, 1305, 2619, 84.24, 32, Not Active, Not Active, Not Active;3, 1305, 2619, 81.57, 29, Not Active, Not Active, Not Active;
1786523647.157474050,0, 1305, 2619, 90.02, 41, Not Active, Not Active, Not Active;1, 1305, 2619, 82.47, 30, Not Active, Not Active, Not Active;2, 1305, 2619, 84.50, 32, Not Active, Not Active, Not Active;3, 1305, 2619, 81.57, 29, Not Active, Not Active, Not Active;
1786523647.849352490,0, 1305, 2619, 89.79, 41, Not Active, Not Active, Not Active;1, 1305, 2619, 82.61, 30, Not Active, Not Active, Not Active;2, 1305, 2619, 84.26, 32, Not Active, Not Active, Not Active;3, 1305, 2619, 81.43, 29, Not Active, Not Active, Not Active;
1786523648.679749484,0, 1305, 2619, 89.51, 40, Not Active, Not Active, Not Active;1, 1305, 2619, 82.23, 30, Not Active, Not Active, Not Active;2, 1305, 2619, 84.31, 32, Not Active, Not Active, Not Active;3, 1305, 2619, 81.65, 29, Not Active, Not Active, Not Active;
1786523649.174357558,0, 1305, 2619, 89.43, 40, Not Active, Not Active, Not Active;1, 1305, 2619, 82.06, 30, Not Active, Not Active, Not Active;2, 1305, 2619, 84.32, 31, Not Active, Not Active, Not Active;3, 1305, 2619, 81.62, 29, Not Active, Not Active, Not Active;
1786523649.694036350,0, 1305, 2619, 89.25, 40, Not Active, Not Active, Not Active;1, 1305, 2619, 82.06, 30, Not Active, Not Active, Not Active;2, 1305, 2619, 84.25, 31, Not Active, Not Active, Not Active;3, 1305, 2619, 81.46, 29, Not Active, Not Active, Not Active;
1786523649.985835425,0, 1305, 2619, 89.07, 40, Not Active, Not Active, Not Active;1, 1305, 2619, 82.12, 30, Not Active, Not Active, Not Active;2, 1305, 2619, 84.18, 31, Not Active, Not Active, Not Active;3, 1305, 2619, 81.55, 29, Not Active, Not Active, Not Active;
1786523650.475646580,0, 1305, 2619, 88.80, 39, Not Active, Not Active, Not Active;1, 1305, 2619, 82.45, 30, Not Active, Not Active, Not Active;2, 1305, 2619, 83.96, 31, Not Active, Not Active, Not Active;3, 1305, 2619, 81.39, 29, Not Active, Not Active, Not Active;
1786523651.495141239,0, 1305, 2619, 88.64, 39, Not Active, Not Active, Not Active;1, 1305, 2619, 82.42, 30, Not Active, Not Active, Not Active;2, 1305, 2619, 83.92, 31, Not Active, Not Active, Not Active;3, 1305, 2619, 81.41, 29, Not Active, Not Active, Not Active;
1786523652.058743484,0, 1305, 2619, 88.52, 39, Not Active, Not Active, Not Active;1, 1305, 2619, 82.09, 30, Not Active, Not Active, Not Active;2, 1305, 2619, 84.19, 31, Not Active, Not Active, Not Active;3, 1305, 2619, 81.49, 29, Not Active, Not Active, Not Active;
1786523653.101575597,0, 1305, 2619, 159.67, 51, Not Active, Not Active, Not Active;1, 1305, 2619, 248.89, 43, Not Active, Active, Not Active;2, 1305, 2619, 218.01, 45, Not Active, Not Active, Not Active;3, 1305, 2619, 270.58, 45, Not Active, Not Active, Not Active;
1786523653.529728593,0, 1305, 2619, 413.22, 57, Not Active, Not Active, Not Active;1, 1305, 2619, 509.18, 47, Not Active, Not Active, Not Active;2, 1305, 2619, 473.13, 48, Not Active, Not Active, Not Active;3, 1305, 2619, 514.42, 48, Not Active, Not Active, Not Active;
1786523653.858765396,0, 1125, 2619, 559.39, 58, Not Active, Active, Not Active;1, 1110, 2619, 586.34, 47, Not Active, Active, Not Active;2, 1170, 2619, 648.25, 47, Not Active, Active, Not Active;3, 1305, 2619, 641.18, 48, Not Active, Active, Not Active;
1786523654.108047244,0, 1275, 2619, 699.96, 59, Not Active, Active, Not Active;1, 1305, 2619, 703.69, 50, Not Active, Active, Not Active;2, 1305, 2619, 702.53, 50, Not Active, Active, Not Active;3, 1305, 2619, 681.27, 50, Not Active, Not Active, Not Active;
1786523654.362198652,0, 1305, 2619, 697.03, 61, Not Active, Active, Not Active;1, 1305, 2619, 700.15, 52, Not Active, Not Active, Not Active;2, 1305, 2619, 700.54, 52, Not Active, Active, Not Active;3, 1305, 2619, 683.51, 52, Not Active, Not Active, Not Active;
1786523654.698452192,0, 1305, 2619, 699.04, 62, Not Active, Active, Not Active;1, 1260, 2619, 696.88, 52, Not Active, Active, Not Active;2, 1215, 2619, 694.66, 52, Not Active, Active, Not Active;3, 1305, 2619, 682.41, 52, Not Active, Not Active, Not Active;
1786523655.043170035,0, 1305, 2619, 698.02, 61, Not Active, Active, Not Active;1, 1305, 2619, 695.53, 53, Not Active, Not Active, Not Active;2, 1305, 2619, 695.62, 53, Not Active, Not Active, Not Active;3, 1305, 2619, 693.97, 53, Not Active, Not Active, Not Active;
1786523655.660398563,0, 1305, 2619, 682.42, 62, Not Active, Not Active, Not Active;1, 1305, 2619, 685.03, 54, Not Active, Not Active, Not Active;2, 1305, 2619, 680.89, 53, Not Active, Not Active, Not Active;3, 1305, 2619, 681.31, 53, Not Active, Not Active, Not Active;
1786523655.988049029,0, 1305, 2619, 685.51, 62, Not Active, Not Active, Not Active;1, 1305, 2619, 686.81, 54, Not Active, Not Active, Not Active;2, 1305, 2619, 693.08, 54, Not Active, Active, Not Active;3, 1305, 2619, 681.00, 54, Not Active, Not Active, Not Active;
1786523656.296247341,0, 1305, 2619, 421.09, 46, Not Active, Not Active, Not Active;1, 1305, 2619, 359.79, 37, Not Active, Not Active, Not Active;2, 1305, 2619, 367.57, 38, Not Active, Not Active, Not Active;3, 1305, 2619, 325.17, 36, Not Active, Not Active, Not Active;
1786523657.305624339,0, 1305, 2619, 92.30, 43, Not Active, Not Active, Not Active;1, 1305, 2619, 84.41, 34, Not Active, Not Active, Not Active;2, 1305, 2619, 86.78, 36, Not Active, Not Active, Not Active;3, 1305, 2619, 83.82, 34, Not Active, Not Active, Not Active;
1786523657.585374986,0, 1305, 2619, 90.95, 42, Not Active, Not Active, Not Active;1, 1305, 2619, 83.84, 34, Not Active, Not Active, Not Active;2, 1305, 2619, 86.03, 35, Not Active, Not Active, Not Active;3, 1305, 2619, 83.04, 33, Not Active, Not Active, Not Active;
1786523657.957595209,0, 1305, 2619, 90.06, 41, Not Active, Not Active, Not Active;1, 1305, 2619, 83.50, 33, Not Active, Not Active, Not Active;2, 1305, 2619, 85.74, 34, Not Active, Not Active, Not Active;3, 1305, 2619, 82.63, 33, Not Active, Not Active, Not Active;
1786523658.548881729,0, 1305, 2619, 89.83, 41, Not Active, Not Active, Not Active;1, 1305, 2619, 83.50, 33, Not Active, Not Active, Not Active;2, 1305, 2619, 85.58, 34, Not Active, Not Active, Not Active;3, 1305, 2619, 82.50, 32, Not Active, Not Active, Not Active;
1786523658.826739548,0, 1305, 2619, 89.60, 41, Not Active, Not Active, Not Active;1, 1305, 2619, 83.53, 33, Not Active, Not Active, Not Active;2, 1305, 2619, 85.55, 34, Not Active, Not Active, Not Active;3, 1305, 2619, 82.34, 32, Not Active, Not Active, Not Active;
1786523659.103474140,0, 1305, 2619, 89.43, 41, Not Active, Not Active, Not Active;1, 1305, 2619, 83.50, 33, Not Active, Not Active, Not Active;2, 1305, 2619, 85.37, 34, Not Active, Not Active, Not Active;3, 1305, 2619, 82.28, 32, Not Active, Not Active, Not Active;
1786523659.405250169,0, 1305, 2619, 89.27, 40, Not Active, Not Active, Not Active;1, 1305, 2619, 83.47, 33, Not Active, Not Active, Not Active;2, 1305, 2619, 85.32, 34, Not Active, Not Active, Not Active;3, 1305, 2619, 82.24, 32, Not Active, Not Active, Not Active;
1786523659.875025944,0, 1305, 2619, 89.17, 40, Not Active, Not Active, Not Active;1, 1305, 2619, 83.37, 32, Not Active, Not Active, Not Active;2, 1305, 2619, 85.29, 34, Not Active, Not Active, Not Active;3, 1305, 2619, 82.21, 32, Not Active, Not Active, Not Active;
1786523660.511727512,0, 1305, 2619, 89.09, 40, Not Active, Not Active, Not Active;1, 1305, 2619, 83.29, 32, Not Active, Not Active, Not Active;2, 1305, 2619, 85.28, 34, Not Active, Not Active, Not Active;3, 1305, 2619, 82.24, 32, Not Active, Not Active, Not Active;
1786523660.844505784,0, 1305, 2619, 88.92, 40, Not Active, Not Active, Not Active;1, 1305, 2619, 83.16, 32, Not Active, Not Active, Not Active;2, 1305, 2619, 85.19, 34, Not Active, Not Active, Not Active;3, 1305, 2619, 82.16, 31, Not Active, Not Active, Not Active;
1786523661.388916835,0, 1305, 2619, 88.64, 39, Not Active, Not Active, Not Active;1, 1305, 2619, 82.94, 32, Not Active, Not Active, Not Active;2, 1305, 2619, 85.05, 33, Not Active, Not Active, Not Active;3, 1305, 2619, 82.07, 31, Not Active, Not Active, Not Active;
1786523662.569145264,0, 1305, 2619, 88.55, 39, Not Active, Not Active, Not Active;1, 1305, 2619, 82.96, 32, Not Active, Not Active, Not Active;2, 1305, 2619, 85.08, 33, Not Active, Not Active, Not Active;3, 1305, 2619, 82.03, 31, Not Active, Not Active, Not Active;
1786523663.306545819,0, 1305, 2619, 88.34, 38, Not Active, Not Active, Not Active;1, 1305, 2619, 83.16, 32, Not Active, Not Active, Not Active;2, 1305, 2619, 85.18, 33, Not Active, Not Active, Not Active;3, 1305, 2619, 81.93, 31, Not Active, Not Active, Not Active;
1786523664.141966793,0, 1305, 2619, 190.78, 50, Not Active, Not Active, Not Active;1, 1305, 2619, 189.24, 44, Not Active, Not Active, Not Active;2, 1305, 2619, 258.03, 46, Not Active, Not Active, Not Active;3, 1305, 2619, 255.71, 45, Not Active, Not Active, Not Active;
1786523664.589712162,0, 1305, 2619, 512.92, 56, Not Active, Not Active, Not Active;1, 1305, 2619, 488.70, 48, Not Active, Not Active, Not Active;2, 1305, 2619, 562.03, 49, Not Active, Not Active, Not Active;3, 1305, 2619, 498.38, 49, Not Active, Not Active, Not Active;
1786523665.111373536,0, 1305, 2619, 672.63, 57, Not Active, Not Active, Not Active;1, 1305, 2619, 645.29, 50, Not Active, Not Active, Not Active;2, 1305, 2619, 669.58, 51, Not Active, Not Active, Not Active;3, 1305, 2619, 648.50, 50, Not Active, Not Active, Not Active;
1786523665.429994609,0, 1305, 2619, 641.10, 52, Not Active, Not Active, Not Active;1, 1305, 2619, 582.99, 45, Not Active, Not Active, Not Active;2, 1305, 2619, 609.74, 45, Not Active, Not Active, Not Active;3, 1305, 2619, 580.91, 44, Not Active, Not Active, Not Active;
1786523665.761515017,0, 1305, 2619, 508.15, 50, Not Active, Not Active, Not Active;1, 1305, 2619, 501.64, 43, Not Active, Not Active, Not Active;2, 1305, 2619, 508.59, 43, Not Active, Not Active, Not Active;3, 1305, 2619, 493.68, 42, Not Active, Not Active, Not Active;
1786523666.081277868,0, 1305, 2619, 419.33, 49, Not Active, Not Active, Not Active;1, 1305, 2619, 429.44, 42, Not Active, Not Active, Not Active;2, 1305, 2619, 414.16, 43, Not Active, Not Active, Not Active;3, 1305, 2619, 396.69, 41, Not Active, Not Active, Not Active;
1786523666.466685401,0, 1305, 2619, 237.01, 41, Not Active, Not Active, Not Active;1, 1305, 2619, 222.15, 34, Not Active, Not Active, Not Active;2, 1305, 2619, 194.57, 36, Not Active, Not Active, Not Active;3, 1305, 2619, 178.40, 34, Not Active, Not Active, Not Active;
1786523667.464327850,0, 1305, 2619, 89.63, 40, Not Active, Not Active, Not Active;1, 1305, 2619, 83.50, 33, Not Active, Not Active, Not Active;2, 1305, 2619, 85.62, 35, Not Active, Not Active, Not Active;3, 1305, 2619, 82.90, 33, Not Active, Not Active, Not Active;
1786523667.998668603,0, 1305, 2619, 89.14, 39, Not Active, Not Active, Not Active;1, 1305, 2619, 83.21, 33, Not Active, Not Active, Not Active;2, 1305, 2619, 85.29, 35, Not Active, Not Active, Not Active;3, 1305, 2619, 82.50, 32, Not Active, Not Active, Not Active;
1786523668.280771881,0, 1305, 2619, 88.88, 39, Not Active, Not Active, Not Active;1, 1305, 2619, 83.23, 33, Not Active, Not Active, Not Active;2, 1305, 2619, 85.23, 35, Not Active, Not Active, Not Active;3, 1305, 2619, 82.37, 32, Not Active, Not Active, Not Active;
1786523668.556634255,0, 1305, 2619, 88.74, 39, Not Active, Not Active, Not Active;1, 1305, 2619, 83.26, 33, Not Active, Not Active, Not Active;2, 1305, 2619, 85.19, 34, Not Active, Not Active, Not Active;3, 1305, 2619, 82.27, 32, Not Active, Not Active, Not Active;
1786523668.901867627,0, 1305, 2619, 88.58, 39, Not Active, Not Active, Not Active;1, 1305, 2619, 83.18, 33, Not Active, Not Active, Not Active;2, 1305, 2619, 85.20, 34, Not Active, Not Active, Not Active;3, 1305, 2619, 82.20, 32, Not Active, Not Active, Not Active;
1786523669.201197811,0, 1305, 2619, 88.55, 39, Not Active, Not Active, Not Active;1, 1305, 2619, 83.20, 33, Not Active, Not Active, Not Active;2, 1305, 2619, 85.13, 34, Not Active, Not Active, Not Active;3, 1305, 2619, 82.21, 32, Not Active, Not Active, Not Active;
1786523669.468713507,0, 1305, 2619, 88.49, 39, Not Active, Not Active, Not Active;1, 1305, 2619, 83.11, 32, Not Active, Not Active, Not Active;2, 1305, 2619, 85.11, 34, Not Active, Not Active, Not Active;3, 1305, 2619, 82.17, 32, Not Active, Not Active, Not Active;
1786523669.963074468,0, 1305, 2619, 88.41, 39, Not Active, Not Active, Not Active;1, 1305, 2619, 83.03, 32, Not Active, Not Active, Not Active;2, 1305, 2619, 85.08, 34, Not Active, Not Active, Not Active;3, 1305, 2619, 82.21, 32, Not Active, Not Active, Not Active;
1786523670.461601381,0, 1305, 2619, 88.41, 38, Not Active, Not Active, Not Active;1, 1305, 2619, 82.91, 32, Not Active, Not Active, Not Active;2, 1305, 2619, 85.08, 34, Not Active, Not Active, Not Active;3, 1305, 2619, 82.27, 32, Not Active, Not Active, Not Active;
1786523671.302162288,0, 1305, 2619, 88.22, 38, Not Active, Not Active, Not Active;1, 1305, 2619, 82.79, 32, Not Active, Not Active, Not Active;2, 1305, 2619, 85.08, 34, Not Active, Not Active, Not Active;3, 1305, 2619, 82.15, 32, Not Active, Not Active, Not Active;
1786523671.804014441,0, 1305, 2619, 88.21, 38, Not Active, Not Active, Not Active;1, 1305, 2619, 82.78, 32, Not Active, Not Active, Not Active;2, 1305, 2619, 84.94, 34, Not Active, Not Active, Not Active;3, 1305, 2619, 82.11, 32, Not Active, Not Active, Not Active;
1786523672.997057033,0, 1305, 2619, 88.15, 38, Not Active, Not Active, Not Active;1, 1305, 2619, 83.01, 32, Not Active, Not Active, Not Active;2, 1305, 2619, 85.08, 34, Not Active, Not Active, Not Active;3, 1305, 2619, 82.09, 32, Not Active, Not Active, Not Active;
1786523673.824669959,0, 1305, 2619, 168.40, 46, Not Active, Not Active, Not Active;1, 1305, 2619, 206.28, 41, Not Active, Not Active, Not Active;2, 1305, 2619, 205.44, 43, Not Active, Not Active, Not Active;3, 1305, 2619, 201.53, 42, Not Active, Not Active, Not Active;
1786523674.333131087,0, 1305, 2619, 315.79, 48, Not Active, Not Active, Not Active;1, 1305, 2619, 334.15, 42, Not Active, Not Active, Not Active;2, 1305, 2619, 376.45, 44, Not Active, Not Active, Not Active;3, 1305, 2619, 359.32, 42, Not Active, Not Active, Not Active;
1786523674.854323474,0, 1305, 2619, 422.47, 51, Not Active, Not Active, Not Active;1, 1305, 2619, 411.31, 44, Not Active, Not Active, Not Active;2, 1305, 2619, 415.83, 45, Not Active, Not Active, Not Active;3, 1305, 2619, 402.56, 41, Not Active, Not Active, Not Active;
1786523675.193483615,0, 1305, 2619, 350.97, 45, Not Active, Not Active, Not Active;1, 1305, 2619, 351.52, 38, Not Active, Not Active, Not Active;2, 1305, 2619, 346.00, 40, Not Active, Not Active, Not Active;3, 1305, 2619, 333.79, 38, Not Active, Not Active, Not Active;
1786523675.501925165,0, 1305, 2619, 343.23, 44, Not Active, Not Active, Not Active;1, 1305, 2619, 345.83, 37, Not Active, Not Active, Not Active;2, 1305, 2619, 317.03, 39, Not Active, Not Active, Not Active;3, 1305, 2619, 292.69, 37, Not Active, Not Active, Not Active;
1786523675.831969356,0, 1305, 2619, 186.50, 41, Not Active, Not Active, Not Active;1, 1305, 2619, 186.28, 34, Not Active, Not Active, Not Active;2, 1305, 2619, 174.09, 36, Not Active, Not Active, Not Active;3, 1305, 2619, 153.47, 33, Not Active, Not Active, Not Active;
1786523676.502299814,0, 1305, 2619, 117.46, 39, Not Active, Not Active, Not Active;1, 1305, 2619, 98.22, 33, Not Active, Not Active, Not Active;2, 1305, 2619, 111.50, 35, Not Active, Not Active, Not Active;3, 1305, 2619, 88.96, 33, Not Active, Not Active, Not Active;
1786523677.003431390,0, 1305, 2619, 88.82, 39, Not Active, Not Active, Not Active;1, 1305, 2619, 83.34, 33, Not Active, Not Active, Not Active;2, 1305, 2619, 86.01, 35, Not Active, Not Active, Not Active;3, 1305, 2619, 82.50, 32, Not Active, Not Active, Not Active;
1786523677.363217617,0, 1305, 2619, 88.52, 38, Not Active, Not Active, Not Active;1, 1305, 2619, 83.16, 33, Not Active, Not Active, Not Active;2, 1305, 2619, 85.71, 35, Not Active, Not Active, Not Active;3, 1305, 2619, 82.34, 32, Not Active, Not Active, Not Active;
1786523677.816757454,0, 1305, 2619, 88.40, 38, Not Active, Not Active, Not Active;1, 1305, 2619, 83.19, 33, Not Active, Not Active, Not Active;2, 1305, 2619, 85.57, 35, Not Active, Not Active, Not Active;3, 1305, 2619, 82.34, 32, Not Active, Not Active, Not Active;
1786523678.079751424,0, 1305, 2619, 88.34, 38, Not Active, Not Active, Not Active;1, 1305, 2619, 83.21, 32, Not Active, Not Active, Not Active;2, 1305, 2619, 85.56, 35, Not Active, Not Active, Not Active;3, 1305, 2619, 82.28, 32, Not Active, Not Active, Not Active;
1786523678.375018636,0, 1305, 2619, 88.28, 38, Not Active, Not Active, Not Active;1, 1305, 2619, 83.15, 32, Not Active, Not Active, Not Active;2, 1305, 2619, 85.46, 34, Not Active, Not Active, Not Active;3, 1305, 2619, 82.18, 32, Not Active, Not Active, Not Active;
1786523678.649431915,0, 1305, 2619, 88.28, 38, Not Active, Not Active, Not Active;1, 1305, 2619, 83.08, 32, Not Active, Not Active, Not Active;2, 1305, 2619, 85.44, 34, Not Active, Not Active, Not Active;3, 1305, 2619, 82.12, 32, Not Active, Not Active, Not Active;
1786523678.950988559,0, 1305, 2619, 88.25, 38, Not Active, Not Active, Not Active;1, 1305, 2619, 83.01, 32, Not Active, Not Active, Not Active;2, 1305, 2619, 85.41, 34, Not Active, Not Active, Not Active;3, 1305, 2619, 82.12, 32, Not Active, Not Active, Not Active;
1786523679.363199802,0, 1305, 2619, 88.25, 38, Not Active, Not Active, Not Active;1, 1305, 2619, 82.98, 32, Not Active, Not Active, Not Active;2, 1305, 2619, 85.43, 34, Not Active, Not Active, Not Active;3, 1305, 2619, 82.20, 32, Not Active, Not Active, Not Active;
1786523679.974052054,0, 1305, 2619, 88.14, 38, Not Active, Not Active, Not Active;1, 1305, 2619, 82.96, 32, Not Active, Not Active, Not Active;2, 1305, 2619, 85.36, 34, Not Active, Not Active, Not Active;3, 1305, 2619, 82.24, 32, Not Active, Not Active, Not Active;
1786523680.310242230,0, 1305, 2619, 88.08, 38, Not Active, Not Active, Not Active;1, 1305, 2619, 82.80, 32, Not Active, Not Active, Not Active;2, 1305, 2619, 85.32, 34, Not Active, Not Active, Not Active;3, 1305, 2619, 82.21, 32, Not Active, Not Active, Not Active;
1786523680.784083181,0, 1305, 2619, 87.96, 38, Not Active, Not Active, Not Active;1, 1305, 2619, 82.78, 32, Not Active, Not Active, Not Active;2, 1305, 2619, 85.44, 34, Not Active, Not Active, Not Active;3, 1305, 2619, 82.04, 32, Not Active, Not Active, Not Active;
1786523681.978456598,0, 1305, 2619, 87.96, 38, Not Active, Not Active, Not Active;1, 1305, 2619, 82.88, 32, Not Active, Not Active, Not Active;2, 1305, 2619, 85.43, 34, Not Active, Not Active, Not Active;3, 1305, 2619, 82.01, 32, Not Active, Not Active, Not Active;
1786523682.550287548,0, 1305, 2619, 87.96, 38, Not Active, Not Active, Not Active;1, 1305, 2619, 83.11, 32, Not Active, Not Active, Not Active;2, 1305, 2619, 85.38, 34, Not Active, Not Active, Not Active;3, 1305, 2619, 82.18, 32, Not Active, Not Active, Not Active;
1786523683.360772829,0, 1305, 2619, 195.94, 49, Not Active, Not Active, Not Active;1, 1305, 2619, 182.13, 44, Not Active, Not Active, Not Active;2, 1305, 2619, 233.04, 46, Not Active, Not Active, Not Active;3, 1305, 2619, 243.84, 45, Not Active, Not Active, Not Active;
1786523683.755848801,0, 1305, 2619, 584.89, 55, Not Active, Not Active, Not Active;1, 1305, 2619, 575.62, 49, Not Active, Not Active, Not Active;2, 1305, 2619, 580.56, 50, Not Active, Not Active, Not Active;3, 1305, 2619, 603.65, 49, Not Active, Not Active, Not Active;
1786523684.500324323,0, 1305, 2619, 530.58, 50, Not Active, Not Active, Not Active;1, 1305, 2619, 505.10, 43, Not Active, Not Active, Not Active;2, 1305, 2619, 496.05, 45, Not Active, Not Active, Not Active;3, 1305, 2619, 511.34, 43, Not Active, Not Active, Not Active;
1786523684.868329964,0, 1305, 2619, 479.05, 47, Not Active, Not Active, Not Active;1, 1305, 2619, 458.06, 39, Not Active, Not Active, Not Active;2, 1305, 2619, 298.91, 38, Not Active, Not Active, Not Active;3, 1305, 2619, 290.64, 35, Not Active, Not Active, Not Active;
1786523685.523518176,0, 1305, 2619, 208.71, 41, Not Active, Not Active, Not Active;1, 1305, 2619, 202.01, 35, Not Active, Not Active, Not Active;2, 1305, 2619, 162.35, 37, Not Active, Not Active, Not Active;3, 1305, 2619, 136.02, 34, Not Active, Not Active, Not Active;
1786523685.889912902,0, 1305, 2619, 113.68, 40, Not Active, Not Active, Not Active;1, 1305, 2619, 107.53, 34, Not Active, Not Active, Not Active;2, 1305, 2619, 86.58, 36, Not Active, Not Active, Not Active;3, 1305, 2619, 87.66, 33, Not Active, Not Active, Not Active;
1786523686.161135841,0, 1305, 2619, 89.31, 39, Not Active, Not Active, Not Active;1, 1305, 2619, 83.68, 34, Not Active, Not Active, Not Active;2, 1305, 2619, 85.98, 36, Not Active, Not Active, Not Active;3, 1305, 2619, 82.74, 33, Not Active, Not Active, Not Active;
1786523686.561113868,0, 1305, 2619, 88.83, 39, Not Active, Not Active, Not Active;1, 1305, 2619, 83.41, 33, Not Active, Not Active, Not Active;2, 1305, 2619, 85.76, 36, Not Active, Not Active, Not Active;3, 1305, 2619, 82.64, 33, Not Active, Not Active, Not Active;
1786523687.176182117,0, 1305, 2619, 88.64, 39, Not Active, Not Active, Not Active;1, 1305, 2619, 83.44, 33, Not Active, Not Active, Not Active;2, 1305, 2619, 85.70, 35, Not Active, Not Active, Not Active;3, 1305, 2619, 82.58, 33, Not Active, Not Active, Not Active;
1786523687.455830230,0, 1305, 2619, 88.58, 39, Not Active, Not Active, Not Active;1, 1305, 2619, 83.47, 33, Not Active, Not Active, Not Active;2, 1305, 2619, 85.63, 35, Not Active, Not Active, Not Active;3, 1305, 2619, 82.54, 33, Not Active, Not Active, Not Active;
1786523687.715617230,0, 1305, 2619, 88.55, 39, Not Active, Not Active, Not Active;1, 1305, 2619, 83.50, 33, Not Active, Not Active, Not Active;2, 1305, 2619, 85.63, 35, Not Active, Not Active, Not Active;3, 1305, 2619, 82.50, 33, Not Active, Not Active, Not Active;
1786523688.000758078,0, 1305, 2619, 88.47, 39, Not Active, Not Active, Not Active;1, 1305, 2619, 83.47, 33, Not Active, Not Active, Not Active;2, 1305, 2619, 85.52, 35, Not Active, Not Active, Not Active;3, 1305, 2619, 82.38, 32, Not Active, Not Active, Not Active;
1786523688.468943459,0, 1305, 2619, 88.46, 38, Not Active, Not Active, Not Active;1, 1305, 2619, 83.37, 33, Not Active, Not Active, Not Active;2, 1305, 2619, 85.52, 35, Not Active, Not Active, Not Active;3, 1305, 2619, 82.31, 32, Not Active, Not Active, Not Active;
1786523689.084020471,0, 1305, 2619, 88.38, 38, Not Active, Not Active, Not Active;1, 1305, 2619, 83.17, 33, Not Active, Not Active, Not Active;2, 1305, 2619, 85.53, 35, Not Active, Not Active, Not Active;3, 1305, 2619, 82.39, 32, Not Active, Not Active, Not Active;
1786523689.535324574,0, 1305, 2619, 88.28, 38, Not Active, Not Active, Not Active;1, 1305, 2619, 82.95, 33, Not Active, Not Active, Not Active;2, 1305, 2619, 85.51, 35, Not Active, Not Active, Not Active;3, 1305, 2619, 82.39, 32, Not Active, Not Active, Not Active;
1786523690.431255200,0, 1305, 2619, 88.23, 38, Not Active, Not Active, Not Active;1, 1305, 2619, 82.92, 33, Not Active, Not Active, Not Active;2, 1305, 2619, 85.43, 35, Not Active, Not Active, Not Active;3, 1305, 2619, 82.21, 32, Not Active, Not Active, Not Active;
1786523691.321144557,0, 1305, 2619, 88.14, 38, Not Active, Not Active, Not Active;1, 1305, 2619, 82.99, 33, Not Active, Not Active, Not Active;2, 1305, 2619, 85.48, 35, Not Active, Not Active, Not Active;3, 1305, 2619, 82.21, 32, Not Active, Not Active, Not Active;
1786523691.763223049,0, 1305, 2619, 88.11, 38, Not Active, Not Active, Not Active;1, 1305, 2619, 83.08, 33, Not Active, Not Active, Not Active;2, 1305, 2619, 85.41, 35, Not Active, Not Active, Not Active;3, 1305, 2619, 82.38, 32, Not Active, Not Active, Not Active;
1786523692.499749178,0, 1305, 2619, 176.60, 50, Not Active, Not Active, Not Active;1, 1305, 2619, 188.51, 45, Not Active, Not Active, Not Active;2, 1305, 2619, 237.73, 48, Not Active, Not Active, Not Active;3, 1305, 2619, 247.34, 46, Not Active, Not Active, Not Active;
1786523692.881661393,0, 1305, 2619, 411.17, 51, Not Active, Not Active, Not Active;1, 1305, 2619, 414.85, 48, Not Active, Not Active, Not Active;2, 1305, 2619, 377.61, 50, Not Active, Not Active, Not Active;3, 1305, 2619, 407.58, 48, Not Active, Not Active, Not Active;
1786523693.190939519,0, 1305, 2619, 541.07, 57, Not Active, Not Active, Not Active;1, 1305, 2619, 651.69, 51, Not Active, Not Active, Not Active;2, 1305, 2619, 645.28, 53, Not Active, Not Active, Not Active;3, 1305, 2619, 638.92, 51, Not Active, Not Active, Not Active;
1786523693.611142481,0, 1305, 2619, 580.19, 53, Not Active, Not Active, Not Active;1, 1305, 2619, 606.39, 47, Not Active, Not Active, Not Active;2, 1305, 2619, 614.35, 48, Not Active, Not Active, Not Active;3, 1305, 2619, 599.10, 46, Not Active, Not Active, Not Active;
1786523694.229108877,0, 1305, 2619, 258.30, 43, Not Active, Not Active, Not Active;1, 1305, 2619, 275.31, 36, Not Active, Not Active, Not Active;2, 1305, 2619, 288.22, 38, Not Active, Not Active, Not Active;3, 1305, 2619, 193.55, 36, Not Active, Not Active, Not Active;
1786523695.014700303,0, 1305, 2619, 127.55, 41, Not Active, Not Active, Not Active;1, 1305, 2619, 129.70, 35, Not Active, Not Active, Not Active;2, 1305, 2619, 87.19, 37, Not Active, Not Active, Not Active;3, 1305, 2619, 108.05, 34, Not Active, Not Active, Not Active;
1786523695.313997778,0, 1305, 2619, 89.81, 40, Not Active, Not Active, Not Active;1, 1305, 2619, 84.04, 34, Not Active, Not Active, Not Active;2, 1305, 2619, 86.70, 37, Not Active, Not Active, Not Active;3, 1305, 2619, 83.26, 34, Not Active, Not Active, Not Active;
1786523695.575796847,0, 1305, 2619, 89.29, 40, Not Active, Not Active, Not Active;1, 1305, 2619, 83.51, 34, Not Active, Not Active, Not Active;2, 1305, 2619, 86.29, 36, Not Active, Not Active, Not Active;3, 1305, 2619, 83.02, 34, Not Active, Not Active, Not Active;
1786523695.848946538,0, 1305, 2619, 89.21, 39, Not Active, Not Active, Not Active;1, 1305, 2619, 83.32, 34, Not Active, Not Active, Not Active;2, 1305, 2619, 86.05, 36, Not Active, Not Active, Not Active;3, 1305, 2619, 82.90, 33, Not Active, Not Active, Not Active;
1786523696.114445216,0, 1305, 2619, 88.93, 39, Not Active, Not Active, Not Active;1, 1305, 2619, 83.32, 34, Not Active, Not Active, Not Active;2, 1305, 2619, 85.96, 36, Not Active, Not Active, Not Active;3, 1305, 2619, 82.71, 33, Not Active, Not Active, Not Active;
1786523696.480437048,0, 1305, 2619, 88.73, 39, Not Active, Not Active, Not Active;1, 1305, 2619, 83.31, 34, Not Active, Not Active, Not Active;2, 1305, 2619, 85.82, 36, Not Active, Not Active, Not Active;3, 1305, 2619, 82.68, 33, Not Active, Not Active, Not Active;
1786523697.101132083,0, 1305, 2619, 88.61, 39, Not Active, Not Active, Not Active;1, 1305, 2619, 83.28, 33, Not Active, Not Active, Not Active;2, 1305, 2619, 85.79, 36, Not Active, Not Active, Not Active;3, 1305, 2619, 82.64, 33, Not Active, Not Active, Not Active;
1786523697.428811178,0, 1305, 2619, 88.58, 39, Not Active, Not Active, Not Active;1, 1305, 2619, 83.33, 33, Not Active, Not Active, Not Active;2, 1305, 2619, 85.83, 36, Not Active, Not Active, Not Active;3, 1305, 2619, 82.61, 33, Not Active, Not Active, Not Active;
1786523697.782081489,0, 1305, 2619, 88.49, 39, Not Active, Not Active, Not Active;1, 1305, 2619, 83.44, 33, Not Active, Not Active, Not Active;2, 1305, 2619, 85.81, 36, Not Active, Not Active, Not Active;3, 1305, 2619, 82.58, 33, Not Active, Not Active, Not Active;
1786523698.318880429,0, 1305, 2619, 88.43, 38, Not Active, Not Active, Not Active;1, 1305, 2619, 83.44, 33, Not Active, Not Active, Not Active;2, 1305, 2619, 85.82, 36, Not Active, Not Active, Not Active;3, 1305, 2619, 82.58, 33, Not Active, Not Active, Not Active;
1786523698.630795346,0, 1305, 2619, 88.34, 38, Not Active, Not Active, Not Active;1, 1305, 2619, 83.35, 33, Not Active, Not Active, Not Active;2, 1305, 2619, 85.71, 36, Not Active, Not Active, Not Active;3, 1305, 2619, 82.58, 33, Not Active, Not Active, Not Active;
1786523699.123206819,0, 1305, 2619, 88.24, 38, Not Active, Not Active, Not Active;1, 1305, 2619, 83.21, 33, Not Active, Not Active, Not Active;2, 1305, 2619, 85.58, 36, Not Active, Not Active, Not Active;3, 1305, 2619, 82.39, 32, Not Active, Not Active, Not Active;
1786523700.083613824,0, 1305, 2619, 88.19, 38, Not Active, Not Active, Not Active;1, 1305, 2619, 83.08, 33, Not Active, Not Active, Not Active;2, 1305, 2619, 85.65, 36, Not Active, Not Active, Not Active;3, 1305, 2619, 82.32, 32, Not Active, Not Active, Not Active;
1786523700.728619927,0, 1305, 2619, 88.21, 38, Not Active, Not Active, Not Active;1, 1305, 2619, 82.88, 33, Not Active, Not Active, Not Active;2, 1305, 2619, 85.64, 36, Not Active, Not Active, Not Active;3, 1305, 2619, 82.54, 32, Not Active, Not Active, Not Active;
1786523701.832700621,0, 1305, 2619, 139.47, 50, Not Active, Not Active, Not Active;1, 1305, 2619, 197.48, 45, Not Active, Not Active, Not Active;2, 1305, 2619, 187.76, 48, Not Active, Not Active, Not Active;3, 1305, 2619, 240.30, 47, Not Active, Not Active, Not Active;
1786523702.166216734,0, 1305, 2619, 372.39, 55, Not Active, Not Active, Not Active;1, 1305, 2619, 369.67, 49, Not Active, Not Active, Not Active;2, 1305, 2619, 369.04, 51, Not Active, Not Active, Not Active;3, 1305, 2619, 376.81, 50, Not Active, Not Active, Not Active;
1786523702.491052499,0, 1305, 2619, 508.01, 58, Not Active, Not Active, Not Active;1, 1305, 2619, 613.20, 52, Not Active, Not Active, Not Active;2, 1305, 2619, 609.48, 54, Not Active, Not Active, Not Active;3, 1305, 2619, 629.24, 52, Not Active, Not Active, Not Active;
1786523702.883109576,0, 1305, 2619, 684.73, 59, Not Active, Not Active, Not Active;1, 1305, 2619, 681.39, 52, Not Active, Not Active, Not Active;2, 1305, 2619, 672.55, 54, Not Active, Not Active, Not Active;3, 1305, 2619, 650.04, 52, Not Active, Not Active, Not Active;
1786523703.286839961,0, 1305, 2619, 667.19, 58, Not Active, Not Active, Not Active;1, 1305, 2619, 661.41, 52, Not Active, Not Active, Not Active;2, 1305, 2619, 649.18, 54, Not Active, Not Active, Not Active;3, 1305, 2619, 639.00, 52, Not Active, Not Active, Not Active;
1786523703.751755265,0, 1305, 2619, 334.68, 43, Not Active, Not Active, Not Active;1, 1305, 2619, 297.71, 37, Not Active, Not Active, Not Active;2, 1305, 2619, 283.99, 39, Not Active, Not Active, Not Active;3, 1305, 2619, 233.53, 36, Not Active, Not Active, Not Active;
1786523705.200052123,0, 1305, 2619, 89.68, 40, Not Active, Not Active, Not Active;1, 1305, 2619, 84.30, 35, Not Active, Not Active, Not Active;2, 1305, 2619, 86.64, 37, Not Active, Not Active, Not Active;3, 1305, 2619, 83.39, 34, Not Active, Not Active, Not Active;
1786523705.537560793,0, 1305, 2619, 89.35, 40, Not Active, Not Active, Not Active;1, 1305, 2619, 84.01, 34, Not Active, Not Active, Not Active;2, 1305, 2619, 86.39, 37, Not Active, Not Active, Not Active;3, 1305, 2619, 83.10, 34, Not Active, Not Active, Not Active;
1786523705.976406745,0, 1305, 2619, 89.07, 40, Not Active, Not Active, Not Active;1, 1305, 2619, 83.83, 34, Not Active, Not Active, Not Active;2, 1305, 2619, 86.34, 37, Not Active, Not Active, Not Active;3, 1305, 2619, 82.93, 34, Not Active, Not Active, Not Active;
1786523706.656030978,0, 1305, 2619, 88.91, 39, Not Active, Not Active, Not Active;1, 1305, 2619, 83.56, 34, Not Active, Not Active, Not Active;2, 1305, 2619, 86.26, 37, Not Active, Not Active, Not Active;3, 1305, 2619, 82.82, 34, Not Active, Not Active, Not Active;
1786523707.273512125,0, 1305, 2619, 88.77, 39, Not Active, Not Active, Not Active;1, 1305, 2619, 83.39, 34, Not Active, Not Active, Not Active;2, 1305, 2619, 86.18, 37, Not Active, Not Active, Not Active;3, 1305, 2619, 82.76, 33, Not Active, Not Active, Not Active;
1786523708.129902448,0, 1305, 2619, 88.62, 39, Not Active, Not Active, Not Active;1, 1305, 2619, 83.15, 34, Not Active, Not Active, Not Active;2, 1305, 2619, 86.14, 37, Not Active, Not Active, Not Active;3, 1305, 2619, 82.64, 33, Not Active, Not Active, Not Active;
1786523709.459693460,0, 1305, 2619, 88.43, 39, Not Active, Not Active, Not Active;1, 1305, 2619, 83.21, 33, Not Active, Not Active, Not Active;2, 1305, 2619, 86.12, 36, Not Active, Not Active, Not Active;3, 1305, 2619, 82.73, 33, Not Active, Not Active, Not Active;
1786523710.826512296,0, 1305, 2619, 88.34, 38, Not Active, Not Active, Not Active;1, 1305, 2619, 83.31, 33, Not Active, Not Active, Not Active;2, 1305, 2619, 85.90, 36, Not Active, Not Active, Not Active;3, 1305, 2619, 82.55, 33, Not Active, Not Active, Not Active;
1786523711.487139789,0, 1305, 2619, 88.25, 38, Not Active, Not Active, Not Active;1, 1305, 2619, 83.43, 33, Not Active, Not Active, Not Active;2, 1305, 2619, 85.92, 36, Not Active, Not Active, Not Active;3, 1305, 2619, 82.58, 32, Not Active, Not Active, Not Active;
1786523712.409359772,0, 1305, 2619, 213.74, 50, Not Active, Not Active, Not Active;1, 1305, 2619, 208.58, 46, Not Active, Not Active, Not Active;2, 1305, 2619, 255.48, 49, Not Active, Not Active, Not Active;3, 1305, 2619, 307.11, 49, Not Active, Not Active, Not Active;
1786523713.005937910,0, 1305, 2619, 530.97, 58, Not Active, Not Active, Not Active;1, 1305, 2619, 485.14, 52, Not Active, Not Active, Not Active;2, 1305, 2619, 548.78, 48, Not Active, Not Active, Not Active;3, 1305, 2619, 558.35, 50, Not Active, Not Active, Not Active;
1786523713.336895995,0, 1305, 2619, 654.94, 58, Not Active, Not Active, Not Active;1, 1305, 2619, 705.12, 52, Not Active, Not Active, Not Active;2, 1245, 2619, 703.33, 54, Not Active, Active, Not Active;3, 1305, 2619, 676.45, 53, Not Active, Not Active, Not Active;
1786523713.629859654,0, 1305, 2619, 705.63, 60, Not Active, Active, Not Active;1, 1305, 2619, 708.29, 54, Not Active, Not Active, Not Active;2, 1305, 2619, 701.06, 56, Not Active, Active, Not Active;3, 1305, 2619, 675.03, 54, Not Active, Not Active, Not Active;
1786523713.908542350,0, 1305, 2619, 700.51, 60, Not Active, Not Active, Not Active;1, 1305, 2619, 705.12, 54, Not Active, Not Active, Not Active;2, 1305, 2619, 692.91, 56, Not Active, Not Active, Not Active;3, 1305, 2619, 668.28, 54, Not Active, Not Active, Not Active;
1786523714.250798301,0, 1305, 2619, 686.10, 60, Not Active, Not Active, Not Active;1, 1305, 2619, 687.88, 54, Not Active, Not Active, Not Active;2, 1305, 2619, 693.99, 56, Not Active, Not Active, Not Active;3, 1305, 2619, 675.05, 54, Not Active, Not Active, Not Active;
1786523714.608280585,0, 1305, 2619, 675.06, 60, Not Active, Not Active, Not Active;1, 1305, 2619, 678.08, 54, Not Active, Not Active, Not Active;2, 1305, 2619, 682.65, 49, Not Active, Not Active, Not Active;3, 1305, 2619, 568.44, 41, Not Active, Not Active, Not Active;
1786523715.239617068,0, 1305, 2619, 297.99, 43, Not Active, Not Active, Not Active;1, 1305, 2619, 201.10, 37, Not Active, Not Active, Not Active;2, 1305, 2619, 204.80, 39, Not Active, Not Active, Not Active;3, 1305, 2619, 148.70, 36, Not Active, Not Active, Not Active;
1786523715.896901795,0, 1305, 2619, 90.74, 41, Not Active, Not Active, Not Active;1, 1305, 2619, 84.61, 36, Not Active, Not Active, Not Active;2, 1305, 2619, 87.42, 38, Not Active, Not Active, Not Active;3, 1305, 2619, 83.96, 35, Not Active, Not Active, Not Active;
1786523716.487317789,0, 1305, 2619, 89.51, 40, Not Active, Not Active, Not Active;1, 1305, 2619, 83.95, 35, Not Active, Not Active, Not Active;2, 1305, 2619, 86.77, 38, Not Active, Not Active, Not Active;3, 1305, 2619, 83.32, 34, Not Active, Not Active, Not Active;
1786523716.843054823,0, 1305, 2619, 89.27, 40, Not Active, Not Active, Not Active;1, 1305, 2619, 83.85, 35, Not Active, Not Active, Not Active;2, 1305, 2619, 86.64, 38, Not Active, Not Active, Not Active;3, 1305, 2619, 83.23, 34, Not Active, Not Active, Not Active;
1786523717.118064173,0, 1305, 2619, 89.04, 40, Not Active, Not Active, Not Active;1, 1305, 2619, 83.73, 34, Not Active, Not Active, Not Active;2, 1305, 2619, 86.60, 37, Not Active, Not Active, Not Active;3, 1305, 2619, 83.17, 34, Not Active, Not Active, Not Active;
1786523717.388863548,0, 1305, 2619, 88.94, 39, Not Active, Not Active, Not Active;1, 1305, 2619, 83.63, 34, Not Active, Not Active, Not Active;2, 1305, 2619, 86.51, 37, Not Active, Not Active, Not Active;3, 1305, 2619, 83.07, 34, Not Active, Not Active, Not Active;
1786523717.655901279,0, 1305, 2619, 88.85, 39, Not Active, Not Active, Not Active;1, 1305, 2619, 83.58, 34, Not Active, Not Active, Not Active;2, 1305, 2619, 86.43, 37, Not Active, Not Active, Not Active;3, 1305, 2619, 82.99, 34, Not Active, Not Active, Not Active;
1786523717.951728830,0, 1305, 2619, 88.69, 39, Not Active, Not Active, Not Active;1, 1305, 2619, 83.56, 34, Not Active, Not Active, Not Active;2, 1305, 2619, 86.30, 37, Not Active, Not Active, Not Active;3, 1305, 2619, 82.93, 34, Not Active, Not Active, Not Active;
1786523718.425424470,0, 1305, 2619, 88.60, 39, Not Active, Not Active, Not Active;1, 1305, 2619, 83.73, 34, Not Active, Not Active, Not Active;2, 1305, 2619, 86.29, 37, Not Active, Not Active, Not Active;3, 1305, 2619, 82.84, 33, Not Active, Not Active, Not Active;
1786523719.070468199,0, 1305, 2619, 88.57, 39, Not Active, Not Active, Not Active;1, 1305, 2619, 83.76, 34, Not Active, Not Active, Not Active;2, 1305, 2619, 86.30, 37, Not Active, Not Active, Not Active;3, 1305, 2619, 82.84, 33, Not Active, Not Active, Not Active;
1786523719.784058906,0, 1305, 2619, 88.40, 39, Not Active, Not Active, Not Active;1, 1305, 2619, 83.64, 34, Not Active, Not Active, Not Active;2, 1305, 2619, 86.22, 37, Not Active, Not Active, Not Active;3, 1305, 2619, 82.76, 33, Not Active, Not Active, Not Active;
1786523720.312612321,0, 1305, 2619, 88.29, 38, Not Active, Not Active, Not Active;1, 1305, 2619, 83.47, 34, Not Active, Not Active, Not Active;2, 1305, 2619, 86.09, 37, Not Active, Not Active, Not Active;3, 1305, 2619, 82.58, 33, Not Active, Not Active, Not Active;
1786523721.215423989,0, 1305, 2619, 88.30, 38, Not Active, Not Active, Not Active;1, 1305, 2619, 83.44, 33, Not Active, Not Active, Not Active;2, 1305, 2619, 86.13, 37, Not Active, Not Active, Not Active;3, 1305, 2619, 82.64, 33, Not Active, Not Active, Not Active;
1786523721.797787324,0, 1305, 2619, 88.20, 38, Not Active, Not Active, Not Active;1, 1305, 2619, 83.24, 33, Not Active, Not Active, Not Active;2, 1305, 2619, 86.07, 36, Not Active, Not Active, Not Active;3, 1305, 2619, 82.54, 33, Not Active, Not Active, Not Active;
1786523722.627571856,0, 1305, 2619, 211.83, 52, Not Active, Not Active, Not Active;1, 1305, 2619, 208.69, 47, Not Active, Active, Not Active;2, 1305, 2619, 269.82, 50, Not Active, Not Active, Not Active;3, 1305, 2619, 250.03, 48, Not Active, Not Active, Not Active;
1786523723.093567304,0, 1305, 2619, 593.35, 58, Not Active, Not Active, Not Active;1, 1305, 2619, 595.78, 52, Not Active, Active, Not Active;2, 1110, 2619, 656.69, 54, Not Active, Active, Not Active;3, 1305, 2619, 640.17, 52, Not Active, Active, Not Active;
1786523723.662744724,0, 1305, 2619, 703.54, 59, Not Active, Not Active, Not Active;1, 1305, 2619, 706.16, 53, Not Active, Active, Not Active;2, 1290, 2619, 706.80, 56, Not Active, Active, Not Active;3, 1305, 2619, 690.55, 54, Not Active, Not Active, Not Active;
1786523723.955226583,0, 1305, 2619, 697.87, 60, Not Active, Not Active, Not Active;1, 1305, 2619, 701.13, 55, Not Active, Active, Not Active;2, 1305, 2619, 703.22, 57, Not Active, Active, Not Active;3, 1305, 2619, 694.21, 56, Not Active, Not Active, Not Active;
1786523724.266799904,0, 1305, 2619, 691.34, 61, Not Active, Not Active, Not Active;1, 1305, 2619, 702.75, 56, Not Active, Active, Not Active;2, 1275, 2619, 702.97, 58, Not Active, Active, Not Active;3, 1290, 2619, 693.21, 56, Not Active, Active, Not Active;
1786523724.520026876,0, 1260, 2619, 684.98, 61, Not Active, Active, Not Active;1, 1185, 2619, 701.13, 55, Not Active, Active, Not Active;2, 1200, 2619, 690.32, 56, Not Active, Active, Not Active;3, 1290, 2619, 689.54, 55, Not Active, Active, Not Active;
1786523724.752959633,0, 1305, 2619, 692.09, 61, Not Active, Not Active, Not Active;1, 1305, 2619, 697.22, 56, Not Active, Not Active, Not Active;2, 1305, 2619, 694.58, 57, Not Active, Not Active, Not Active;3, 1305, 2619, 696.20, 56, Not Active, Not Active, Not Active;
1786523725.070867765,0, 1305, 2619, 683.39, 61, Not Active, Not Active, Not Active;1, 1305, 2619, 686.22, 56, Not Active, Not Active, Not Active;2, 1305, 2619, 688.56, 58, Not Active, Not Active, Not Active;3, 1305, 2619, 683.98, 56, Not Active, Not Active, Not Active;
1786523725.410449746,0, 1305, 2619, 683.17, 62, Not Active, Not Active, Not Active;1, 1305, 2619, 689.46, 56, Not Active, Active, Not Active;2, 1260, 2619, 693.25, 58, Not Active, Active, Not Active;3, 1305, 2619, 683.89, 56, Not Active, Not Active, Not Active;
1786523725.781079590,0, 1305, 2619, 271.68, 44, Not Active, Not Active, Not Active;1, 1305, 2619, 307.00, 38, Not Active, Not Active, Not Active;2, 1305, 2619, 253.82, 41, Not Active, Not Active, Not Active;3, 1305, 2619, 202.66, 38, Not Active, Not Active, Not Active;
1786523727.116097010,0, 1305, 2619, 90.85, 42, Not Active, Not Active, Not Active;1, 1305, 2619, 85.09, 36, Not Active, Not Active, Not Active;2, 1305, 2619, 87.84, 40, Not Active, Not Active, Not Active;3, 1305, 2619, 84.44, 36, Not Active, Not Active, Not Active;
1786523727.399261308,0, 1305, 2619, 90.33, 41, Not Active, Not Active, Not Active;1, 1305, 2619, 84.55, 36, Not Active, Not Active, Not Active;2, 1305, 2619, 87.63, 39, Not Active, Not Active, Not Active;3, 1305, 2619, 83.86, 36, Not Active, Not Active, Not Active;
1786523727.666474033,0, 1305, 2619, 89.93, 41, Not Active, Not Active, Not Active;1, 1305, 2619, 84.36, 36, Not Active, Not Active, Not Active;2, 1305, 2619, 87.26, 39, Not Active, Not Active, Not Active;3, 1305, 2619, 83.56, 35, Not Active, Not Active, Not Active;
1786523727.948829956,0, 1305, 2619, 89.76, 41, Not Active, Not Active, Not Active;1, 1305, 2619, 84.33, 36, Not Active, Not Active, Not Active;2, 1305, 2619, 87.16, 39, Not Active, Not Active, Not Active;3, 1305, 2619, 83.44, 35, Not Active, Not Active, Not Active;
1786523728.292477457,0, 1305, 2619, 89.46, 40, Not Active, Not Active, Not Active;1, 1305, 2619, 84.19, 35, Not Active, Not Active, Not Active;2, 1305, 2619, 87.00, 39, Not Active, Not Active, Not Active;3, 1305, 2619, 83.36, 35, Not Active, Not Active, Not Active;
1786523728.660703747,0, 1305, 2619, 89.30, 40, Not Active, Not Active, Not Active;1, 1305, 2619, 84.19, 35, Not Active, Not Active, Not Active;2, 1305, 2619, 87.00, 38, Not Active, Not Active, Not Active;3, 1305, 2619, 83.29, 35, Not Active, Not Active, Not Active;
1786523729.243608470,0, 1305, 2619, 89.27, 40, Not Active, Not Active, Not Active;1, 1305, 2619, 84.15, 35, Not Active, Not Active, Not Active;2, 1305, 2619, 86.93, 38, Not Active, Not Active, Not Active;3, 1305, 2619, 83.20, 35, Not Active, Not Active, Not Active;
1786523729.687667583,0, 1305, 2619, 89.11, 40, Not Active, Not Active, Not Active;1, 1305, 2619, 84.12, 35, Not Active, Not Active, Not Active;2, 1305, 2619, 86.84, 38, Not Active, Not Active, Not Active;3, 1305, 2619, 83.17, 34, Not Active, Not Active, Not Active;
1786523730.119279770,0, 1305, 2619, 89.08, 40, Not Active, Not Active, Not Active;1, 1305, 2619, 84.07, 35, Not Active, Not Active, Not Active;2, 1305, 2619, 86.72, 38, Not Active, Not Active, Not Active;3, 1305, 2619, 83.17, 34, Not Active, Not Active, Not Active;
1786523730.584602532,0, 1305, 2619, 88.88, 40, Not Active, Not Active, Not Active;1, 1305, 2619, 83.99, 35, Not Active, Not Active, Not Active;2, 1305, 2619, 86.57, 38, Not Active, Not Active, Not Active;3, 1305, 2619, 83.04, 34, Not Active, Not Active, Not Active;
1786523731.161764461,0, 1305, 2619, 88.80, 40, Not Active, Not Active, Not Active;1, 1305, 2619, 83.91, 35, Not Active, Not Active, Not Active;2, 1305, 2619, 86.66, 38, Not Active, Not Active, Not Active;3, 1305, 2619, 82.94, 34, Not Active, Not Active, Not Active;
1786523732.171548357,0, 1305, 2619, 88.77, 40, Not Active, Not Active, Not Active;1, 1305, 2619, 83.85, 34, Not Active, Not Active, Not Active;2, 1305, 2619, 86.61, 38, Not Active, Not Active, Not Active;3, 1305, 2619, 82.96, 34, Not Active, Not Active, Not Active;
1786523732.928113412,0, 1305, 2619, 88.67, 39, Not Active, Not Active, Not Active;1, 1305, 2619, 83.80, 34, Not Active, Not Active, Not Active;2, 1305, 2619, 86.68, 38, Not Active, Not Active, Not Active;3, 1305, 2619, 83.00, 34, Not Active, Not Active, Not Active;
1786523733.778665186,0, 1305, 2619, 145.63, 50, Not Active, Not Active, Not Active;1, 1290, 2619, 142.21, 45, Not Active, Active, Not Active;2, 1305, 2619, 150.30, 49, Not Active, Active, Not Active;3, 1305, 2619, 143.99, 46, Not Active, Not Active, Not Active;
1786523734.086201849,0, 1305, 2619, 342.22, 56, Not Active, Not Active, Not Active;1, 1290, 2619, 337.34, 49, Not Active, Active, Not Active;2, 1290, 2619, 346.29, 53, Not Active, Active, Not Active;3, 1305, 2619, 328.47, 50, Not Active, Not Active, Not Active;
1786523734.373802045,0, 1305, 2619, 529.59, 58, Not Active, Not Active, Not Active;1, 1305, 2619, 525.98, 52, Not Active, Active, Not Active;2, 1290, 2619, 499.32, 55, Not Active, Active, Not Active;3, 1305, 2619, 475.29, 53, Not Active, Not Active, Not Active;
1786523734.688781904,0, 1290, 2619, 647.31, 58, Not Active, Active, Not Active;1, 1185, 2619, 701.59, 51, Not Active, Active, Not Active;2, 1215, 2619, 711.11, 54, Not Active, Active, Not Active;3, 1305, 2619, 688.98, 53, Not Active, Active, Not Active;
1786523734.937638512,0, 1290, 2619, 701.69, 60, Not Active, Active, Not Active;1, 1260, 2619, 695.46, 54, Not Active, Active, Not Active;2, 1275, 2619, 699.96, 57, Not Active, Active, Not Active;3, 1290, 2619, 690.92, 55, Not Active, Active, Not Active;
1786523735.250717332,0, 1290, 2619, 697.62, 62, Not Active, Active, Not Active;1, 1275, 2619, 693.24, 56, Not Active, Active, Not Active;2, 1275, 2619, 696.88, 56, Not Active, Active, Not Active;3, 1305, 2619, 691.17, 55, Not Active, Not Active, Not Active;
1786523735.569434948,0, 1275, 2619, 700.46, 63, Not Active, Active, Not Active;1, 1245, 2619, 699.26, 56, Not Active, Active, Not Active;2, 1230, 2619, 705.83, 58, Not Active, Active, Not Active;3, 1305, 2619, 709.43, 57, Not Active, Active, Not Active;
1786523736.027761739,0, 1305, 2619, 705.27, 64, Not Active, Active, Not Active;1, 1290, 2619, 699.63, 57, Not Active, Active, Not Active;2, 1305, 2619, 707.68, 59, Not Active, Active, Not Active;3, 1305, 2619, 708.87, 58, Not Active, Not Active, Not Active;
1786523736.283902877,0, 1305, 2619, 705.18, 64, Not Active, Active, Not Active;1, 1260, 2619, 695.87, 58, Not Active, Active, Not Active;2, 1290, 2619, 704.54, 60, Not Active, Active, Not Active;3, 1290, 2619, 705.58, 58, Not Active, Active, Not Active;
1786523736.592738919,0, 1245, 2619, 697.69, 64, Not Active, Active, Not Active;1, 1260, 2619, 692.12, 58, Not Active, Active, Not Active;2, 1230, 2619, 697.07, 60, Not Active, Active, Not Active;3, 1305, 2619, 701.17, 58, Not Active, Active, Not Active;
1786523736.837375018,0, 1305, 2619, 699.93, 64, Not Active, Active, Not Active;1, 1230, 2619, 691.52, 58, Not Active, Active, Not Active;2, 1260, 2619, 697.79, 60, Not Active, Active, Not Active;3, 1305, 2619, 700.73, 59, Not Active, Not Active, Not Active;
1786523737.090699604,0, 1305, 2619, 695.48, 64, Not Active, Not Active, Not Active;1, 1305, 2619, 688.82, 59, Not Active, Active, Not Active;2, 1275, 2619, 703.65, 61, Not Active, Active, Not Active;3, 1305, 2619, 697.38, 59, Not Active, Active, Not Active;
1786523737.357098349,0, 1305, 2619, 692.30, 65, Not Active, Not Active, Not Active;1, 1305, 2619, 693.38, 59, Not Active, Active, Not Active;2, 1290, 2619, 702.82, 61, Not Active, Active, Not Active;3, 1290, 2619, 699.28, 59, Not Active, Active, Not Active;
1786523737.620144959,0, 1290, 2619, 696.45, 65, Not Active, Active, Not Active;1, 1260, 2619, 693.64, 59, Not Active, Active, Not Active;2, 1245, 2619, 698.05, 60, Not Active, Active, Not Active;3, 1305, 2619, 694.66, 59, Not Active, Active, Not Active;
1786523737.864959301,0, 1305, 2619, 698.92, 65, Not Active, Active, Not Active;1, 1260, 2619, 701.24, 59, Not Active, Active, Not Active;2, 1275, 2619, 698.51, 61, Not Active, Active, Not Active;3, 1305, 2619, 693.38, 59, Not Active, Active, Not Active;
1786523738.180598980,0, 1305, 2619, 694.31, 65, Not Active, Active, Not Active;1, 1290, 2619, 698.18, 59, Not Active, Active, Not Active;2, 1260, 2619, 694.32, 61, Not Active, Active, Not Active;3, 1305, 2619, 693.99, 59, Not Active, Not Active, Not Active;
1786523738.739717153,0, 1305, 2619, 450.08, 49, Not Active, Not Active, Not Active;1, 1305, 2619, 394.66, 43, Not Active, Not Active, Not Active;2, 1305, 2619, 426.83, 46, Not Active, Not Active, Not Active;3, 1305, 2619, 382.70, 42, Not Active, Not Active, Not Active;
1786523739.528222954,0, 1305, 2619, 153.80, 46, Not Active, Not Active, Not Active;1, 1305, 2619, 149.72, 40, Not Active, Not Active, Not Active;2, 1305, 2619, 147.86, 43, Not Active, Not Active, Not Active;3, 1305, 2619, 103.76, 40, Not Active, Not Active, Not Active;
1786523739.816431663,0, 1305, 2619, 93.69, 45, Not Active, Not Active, Not Active;1, 1305, 2619, 86.47, 39, Not Active, Not Active, Not Active;2, 1305, 2619, 90.37, 43, Not Active, Not Active, Not Active;3, 1305, 2619, 85.62, 39, Not Active, Not Active, Not Active;
1786523740.083802922,0, 1305, 2619, 92.09, 44, Not Active, Not Active, Not Active;1, 1305, 2619, 85.89, 39, Not Active, Not Active, Not Active;2, 1305, 2619, 89.43, 42, Not Active, Not Active, Not Active;3, 1305, 2619, 84.99, 38, Not Active, Not Active, Not Active;
1786523740.358094973,0, 1305, 2619, 91.78, 44, Not Active, Not Active, Not Active;1, 1305, 2619, 85.41, 38, Not Active, Not Active, Not Active;2, 1305, 2619, 88.87, 42, Not Active, Not Active, Not Active;3, 1305, 2619, 84.68, 38, Not Active, Not Active, Not Active;
1786523740.645254241,0, 1305, 2619, 91.16, 44, Not Active, Not Active, Not Active;1, 1305, 2619, 85.23, 38, Not Active, Not Active, Not Active;2, 1305, 2619, 88.63, 42, Not Active, Not Active, Not Active;3, 1305, 2619, 84.54, 38, Not Active, Not Active, Not Active;
1786523740.967300636,0, 1305, 2619, 90.93, 43, Not Active, Not Active, Not Active;1, 1305, 2619, 85.11, 38, Not Active, Not Active, Not Active;2, 1305, 2619, 88.41, 41, Not Active, Not Active, Not Active;3, 1305, 2619, 84.47, 37, Not Active, Not Active, Not Active;
1786523741.519983713,0, 1305, 2619, 90.57, 43, Not Active, Not Active, Not Active;1, 1305, 2619, 84.92, 37, Not Active, Not Active, Not Active;2, 1305, 2619, 88.16, 41, Not Active, Not Active, Not Active;3, 1305, 2619, 84.19, 37, Not Active, Not Active, Not Active;
1786523742.021633445,0, 1305, 2619, 90.42, 42, Not Active, Not Active, Not Active;1, 1305, 2619, 84.82, 37, Not Active, Not Active, Not Active;2, 1305, 2619, 88.14, 41, Not Active, Not Active, Not Active;3, 1305, 2619, 84.01, 37, Not Active, Not Active, Not Active;
1786523742.554603324,0, 1305, 2619, 90.28, 42, Not Active, Not Active, Not Active;1, 1305, 2619, 84.74, 37, Not Active, Not Active, Not Active;2, 1305, 2619, 88.00, 41, Not Active, Not Active, Not Active;3, 1305, 2619, 84.03, 36, Not Active, Not Active, Not Active;
1786523742.882262947,0, 1305, 2619, 90.08, 42, Not Active, Not Active, Not Active;1, 1305, 2619, 84.58, 36, Not Active, Not Active, Not Active;2, 1305, 2619, 87.82, 40, Not Active, Not Active, Not Active;3, 1305, 2619, 83.88, 36, Not Active, Not Active, Not Active;
1786523743.369912790,0, 1305, 2619, 89.73, 42, Not Active, Not Active, Not Active;1, 1305, 2619, 84.31, 36, Not Active, Not Active, Not Active;2, 1305, 2619, 87.66, 40, Not Active, Not Active, Not Active;3, 1305, 2619, 83.61, 36, Not Active, Not Active, Not Active;
1786523744.633371602,0, 1305, 2619, 89.47, 41, Not Active, Not Active, Not Active;1, 1305, 2619, 84.25, 35, Not Active, Not Active, Not Active;2, 1305, 2619, 87.64, 39, Not Active, Not Active, Not Active;3, 1305, 2619, 83.48, 35, Not Active, Not Active, Not Active;
1786523745.555639989,0, 1305, 2619, 89.43, 50, Not Active, Not Active, Not Active;1, 1305, 2619, 147.86, 46, Not Active, Not Active, Not Active;2, 1305, 2619, 152.17, 50, Not Active, Not Active, Not Active;3, 1305, 2619, 193.24, 48, Not Active, Not Active, Not Active;
1786523746.304370661,0, 1305, 2619, 366.86, 57, Not Active, Not Active, Not Active;1, 1290, 2619, 378.62, 51, Not Active, Active, Not Active;2, 1305, 2619, 375.69, 54, Not Active, Not Active, Not Active;3, 1305, 2619, 496.96, 52, Not Active, Not Active, Not Active;
1786523746.761115260,0, 1305, 2619, 589.53, 60, Not Active, Not Active, Not Active;1, 1095, 2619, 610.57, 52, Not Active, Active, Not Active;2, 1185, 2619, 602.59, 55, Not Active, Active, Not Active;3, 1305, 2619, 617.09, 53, Not Active, Not Active, Not Active;
1786523747.072436456,0, 1290, 2619, 691.36, 61, Not Active, Active, Not Active;1, 1245, 2619, 704.58, 55, Not Active, Active, Not Active;2, 1215, 2619, 697.10, 57, Not Active, Active, Not Active;3, 1305, 2619, 681.74, 55, Not Active, Active, Not Active;
1786523747.356333665,0, 1305, 2619, 687.60, 62, Not Active, Not Active, Not Active;1, 1260, 2619, 693.14, 55, Not Active, Active, Not Active;2, 1290, 2619, 683.04, 58, Not Active, Active, Not Active;3, 1305, 2619, 689.50, 56, Not Active, Active, Not Active;
1786523747.623313351,0, 1305, 2619, 691.16, 62, Not Active, Active, Not Active;1, 1290, 2619, 691.64, 56, Not Active, Active, Not Active;2, 1305, 2619, 684.62, 59, Not Active, Active, Not Active;3, 1305, 2619, 694.86, 56, Not Active, Not Active, Not Active;
1786523747.888356384,0, 1230, 2619, 682.21, 62, Not Active, Active, Not Active;1, 1200, 2619, 696.24, 56, Not Active, Active, Not Active;2, 1230, 2619, 689.15, 59, Not Active, Active, Not Active;3, 1230, 2619, 701.49, 56, Not Active, Active, Not Active;
1786523748.235873446,0, 1290, 2619, 686.71, 64, Not Active, Active, Not Active;1, 1260, 2619, 694.89, 58, Not Active, Active, Not Active;2, 1245, 2619, 697.09, 60, Not Active, Active, Not Active;3, 1230, 2619, 695.07, 58, Not Active, Active, Not Active;
1786523748.800545215,0, 1245, 2619, 694.47, 65, Not Active, Active, Not Active;1, 1215, 2619, 698.66, 58, Not Active, Active, Not Active;2, 1245, 2619, 699.85, 61, Not Active, Active, Not Active;3, 1275, 2619, 695.52, 58, Not Active, Active, Not Active;
1786523749.046084849,0, 1260, 2619, 701.05, 64, Not Active, Active, Not Active;1, 1230, 2619, 700.81, 58, Not Active, Active, Not Active;2, 1230, 2619, 697.72, 61, Not Active, Active, Not Active;3, 1290, 2619, 698.65, 58, Not Active, Active, Not Active;
1786523749.297458356,0, 1290, 2619, 696.48, 65, Not Active, Active, Not Active;1, 1260, 2619, 700.95, 59, Not Active, Active, Not Active;2, 1245, 2619, 700.42, 61, Not Active, Active, Not Active;3, 1260, 2619, 703.00, 59, Not Active, Active, Not Active;
1786523749.567324002,0, 1245, 2619, 703.06, 65, Not Active, Active, Not Active;1, 1260, 2619, 704.40, 59, Not Active, Active, Not Active;2, 1260, 2619, 699.54, 62, Not Active, Active, Not Active;3, 1275, 2619, 698.88, 59, Not Active, Active, Not Active;
1786523749.804943340,0, 1275, 2619, 691.65, 66, Not Active, Active, Not Active;1, 1230, 2619, 699.31, 59, Not Active, Active, Not Active;2, 1245, 2619, 694.99, 62, Not Active, Active, Not Active;3, 1290, 2619, 694.80, 60, Not Active, Active, Not Active;
1786523750.055105217,0, 1290, 2619, 693.05, 66, Not Active, Active, Not Active;1, 1230, 2619, 699.64, 59, Not Active, Active, Not Active;2, 1230, 2619, 695.38, 62, Not Active, Active, Not Active;3, 1290, 2619, 697.52, 59, Not Active, Active, Not Active;
1786523750.305386754,0, 1275, 2619, 697.40, 66, Not Active, Active, Not Active;1, 1275, 2619, 702.00, 60, Not Active, Active, Not Active;2, 1260, 2619, 696.31, 62, Not Active, Active, Not Active;3, 1275, 2619, 695.35, 60, Not Active, Active, Not Active;
1786523750.546131585,0, 1245, 2619, 694.92, 66, Not Active, Active, Not Active;1, 1245, 2619, 702.31, 60, Not Active, Active, Not Active;2, 1230, 2619, 700.44, 63, Not Active, Active, Not Active;3, 1305, 2619, 691.42, 60, Not Active, Active, Not Active;
1786523750.860230019,0, 1260, 2619, 696.63, 66, Not Active, Active, Not Active;1, 1230, 2619, 702.64, 60, Not Active, Active, Not Active;2, 1230, 2619, 699.95, 63, Not Active, Active, Not Active;3, 1305, 2619, 690.03, 60, Not Active, Not Active, Not Active;
1786523751.227953980,0, 1275, 2619, 695.78, 66, Not Active, Active, Not Active;1, 1275, 2619, 692.72, 61, Not Active, Active, Not Active;2, 1275, 2619, 698.17, 63, Not Active, Active, Not Active;3, 1305, 2619, 685.55, 60, Not Active, Not Active, Not Active;
1786523751.715056579,0, 1275, 2619, 698.27, 67, Not Active, Active, Not Active;1, 1260, 2619, 693.72, 60, Not Active, Active, Not Active;2, 1245, 2619, 695.84, 64, Not Active, Active, Not Active;3, 1305, 2619, 683.88, 60, Not Active, Not Active, Not Active;
1786523751.984392979,0, 1275, 2619, 693.91, 67, Not Active, Active, Not Active;1, 1245, 2619, 694.12, 60, Not Active, Active, Not Active;2, 1245, 2619, 692.20, 63, Not Active, Active, Not Active;3, 1305, 2619, 683.26, 60, Not Active, Not Active, Not Active;
1786523752.251654014,0, 1290, 2619, 695.96, 67, Not Active, Active, Not Active;1, 1260, 2619, 693.29, 61, Not Active, Active, Not Active;2, 1260, 2619, 695.71, 64, Not Active, Active, Not Active;3, 1305, 2619, 690.11, 61, Not Active, Not Active, Not Active;
1786523752.523046785,0, 1260, 2619, 694.92, 67, Not Active, Active, Not Active;1, 1260, 2619, 692.51, 61, Not Active, Active, Not Active;2, 1275, 2619, 692.83, 64, Not Active, Active, Not Active;3, 1305, 2619, 692.59, 61, Not Active, Not Active, Not Active;
1786523752.787579031,0, 1275, 2619, 696.60, 67, Not Active, Active, Not Active;1, 1245, 2619, 690.67, 61, Not Active, Active, Not Active;2, 1275, 2619, 691.62, 64, Not Active, Active, Not Active;3, 1305, 2619, 701.43, 61, Not Active, Not Active, Not Active;
1786523753.054479917,0, 1290, 2619, 694.95, 67, Not Active, Active, Not Active;1, 1260, 2619, 692.95, 61, Not Active, Active, Not Active;2, 1260, 2619, 693.56, 64, Not Active, Active, Not Active;3, 1305, 2619, 702.77, 61, Not Active, Active, Not Active;
1786523753.311779970,0, 1275, 2619, 696.22, 67, Not Active, Active, Not Active;1, 1260, 2619, 695.73, 61, Not Active, Active, Not Active;2, 1275, 2619, 689.34, 64, Not Active, Active, Not Active;3, 1305, 2619, 704.85, 61, Not Active, Active, Not Active;
1786523753.559279128,0, 1260, 2619, 697.79, 68, Not Active, Active, Not Active;1, 1275, 2619, 697.15, 61, Not Active, Active, Not Active;2, 1260, 2619, 696.31, 64, Not Active, Active, Not Active;3, 1305, 2619, 702.46, 61, Not Active, Active, Not Active;
1786523753.898652342,0, 1305, 2619, 482.40, 52, Not Active, Not Active, Not Active;1, 1305, 2619, 458.94, 45, Not Active, Not Active, Not Active;2, 1305, 2619, 422.17, 49, Not Active, Not Active, Not Active;3, 1305, 2619, 390.12, 44, Not Active, Not Active, Not Active;
1786523755.058049316,0, 1305, 2619, 162.07, 48, Not Active, Not Active, Not Active;1, 1305, 2619, 90.45, 42, Not Active, Not Active, Not Active;2, 1305, 2619, 96.64, 46, Not Active, Not Active, Not Active;3, 1305, 2619, 87.88, 42, Not Active, Not Active, Not Active;
1786523755.347458739,0, 1305, 2619, 94.62, 47, Not Active, Not Active, Not Active;1, 1305, 2619, 87.05, 41, Not Active, Not Active, Not Active;2, 1305, 2619, 91.85, 45, Not Active, Not Active, Not Active;3, 1305, 2619, 86.72, 41, Not Active, Not Active, Not Active;
1786523755.646932905,0, 1305, 2619, 93.76, 47, Not Active, Not Active, Not Active;1, 1305, 2619, 86.65, 40, Not Active, Not Active, Not Active;2, 1305, 2619, 90.75, 45, Not Active, Not Active, Not Active;3, 1305, 2619, 86.03, 40, Not Active, Not Active, Not Active;
1786523755.914103995,0, 1305, 2619, 92.93, 46, Not Active, Not Active, Not Active;1, 1305, 2619, 86.32, 40, Not Active, Not Active, Not Active;2, 1305, 2619, 90.26, 45, Not Active, Not Active, Not Active;3, 1305, 2619, 85.66, 40, Not Active, Not Active, Not Active;
1786523756.176017849,0, 1305, 2619, 92.42, 46, Not Active, Not Active, Not Active;1, 1305, 2619, 85.92, 40, Not Active, Not Active, Not Active;2, 1305, 2619, 89.79, 44, Not Active, Not Active, Not Active;3, 1305, 2619, 85.19, 39, Not Active, Not Active, Not Active;
1786523756.558674778,0, 1305, 2619, 92.02, 45, Not Active, Not Active, Not Active;1, 1305, 2619, 85.79, 39, Not Active, Not Active, Not Active;2, 1305, 2619, 89.53, 44, Not Active, Not Active, Not Active;3, 1305, 2619, 84.99, 39, Not Active, Not Active, Not Active;
